,URL,Location,Date
0,http://www.ufcstats.com/event-details/cce79e827569f26e,"Location:
      

      Las Vegas, Nevada, USA","Date:
      
      February 03, 2024"
1,http://www.ufcstats.com/event-details/bd85ca0bb4f26cfc,"Location:
      

      Toronto, Ontario, Canada","Date:
      
      January 20, 2024"
2,http://www.ufcstats.com/event-details/010986ee359fb863,"Location:
      

      Las Vegas, Nevada, USA","Date:
      
      January 13, 2024"
3,http://www.ufcstats.com/event-details/a8e8587a06e73c87,"Location:
      

      Las Vegas, Nevada, USA","Date:
      
      December 16, 2023"
4,http://www.ufcstats.com/event-details/5ef0088c1b19beeb,"Location:
      

      Las Vegas, Nevada, USA","Date:
      
      December 09, 2023"
5,http://www.ufcstats.com/event-details/53e4e21f4c688801,"Location:
      

      Austin, Texas, USA","Date:
      
      December 02, 2023"
6,http://www.ufcstats.com/event-details/3feed7d02711d8b7,"Location:
      

      Las Vegas, Nevada, USA","Date:
      
      November 18, 2023"
7,http://www.ufcstats.com/event-details/5a558ba1ff5e9121,"Location:
      

      New York City, New York, USA","Date:
      
      November 11, 2023"
8,http://www.ufcstats.com/event-details/7c4ec656d8fcb867,"Location:
      

      Sao Paulo, Sao Paulo, Brazil","Date:
      
      November 04, 2023"
9,http://www.ufcstats.com/event-details/13a0fb8fbdafb54f,"Location:
      

      Abu Dhabi, Abu Dhabi, United Arab Emirates","Date:
      
      October 21, 2023"
10,http://www.ufcstats.com/event-details/f3a078277b3b8ff4,"Location:
      

      Las Vegas, Nevada, USA","Date:
      
      October 14, 2023"
11,http://www.ufcstats.com/event-details/c8a49ff2acb6f3c5,"Location:
      

      Las Vegas, Nevada, USA","Date:
      
      October 07, 2023"
12,http://www.ufcstats.com/event-details/c945adc22c2bfe8f,"Location:
      

      Las Vegas, Nevada, USA","Date:
      
      September 23, 2023"
13,http://www.ufcstats.com/event-details/8fa2b06572365321,"Location:
      

      Las Vegas, Nevada, USA","Date:
      
      September 16, 2023"
14,http://www.ufcstats.com/event-details/ece280745f8727b8,"Location:
      

      Sydney, New South Wales, Australia","Date:
      
      September 09, 2023"
15,http://www.ufcstats.com/event-details/ef61d9f5176b3200,"Location:
      

      Paris, Ile-de-France, France","Date:
      
      September 02, 2023"
16,http://www.ufcstats.com/event-details/89a407032911e27e,"Location:
      

      Kallang, Singapore","Date:
      
      August 26, 2023"
17,http://www.ufcstats.com/event-details/2719f300b0439039,"Location:
      

      Boston, Massachusetts, USA","Date:
      
      August 19, 2023"
18,http://www.ufcstats.com/event-details/d2fa318f34d0aadc,"Location:
      

      Las Vegas, Nevada, USA","Date:
      
      August 12, 2023"
19,http://www.ufcstats.com/event-details/6f81b6de2557739a,"Location:
      

      Nashville, Tennessee, USA","Date:
      
      August 05, 2023"
20,http://www.ufcstats.com/event-details/ccd58ff71e260ed5,"Location:
      

      Salt Lake City, Utah, USA","Date:
      
      July 29, 2023"
21,http://www.ufcstats.com/event-details/1174782eacde9b0c,"Location:
      

      London, England, United Kingdom","Date:
      
      July 22, 2023"
22,http://www.ufcstats.com/event-details/c9885b1b7c7055a0,"Location:
      

      Las Vegas, Nevada, USA","Date:
      
      July 15, 2023"
23,http://www.ufcstats.com/event-details/6085ceb59087514b,"Location:
      

      Las Vegas, Nevada, USA","Date:
      
      July 08, 2023"
24,http://www.ufcstats.com/event-details/e9e1acc96536bb4f,"Location:
      

      Las Vegas, Nevada, USA","Date:
      
      July 01, 2023"
25,http://www.ufcstats.com/event-details/a780d16cf7eed44d,"Location:
      

      Jacksonville, Florida, USA","Date:
      
      June 24, 2023"
26,http://www.ufcstats.com/event-details/b9415726dc3ec526,"Location:
      

      Las Vegas, Nevada, USA","Date:
      
      June 17, 2023"
27,http://www.ufcstats.com/event-details/b6c6d1731ff00eeb,"Location:
      

      Vancouver, British Columbia, Canada","Date:
      
      June 10, 2023"
28,http://www.ufcstats.com/event-details/7abe471b61725980,"Location:
      

      Las Vegas, Nevada, USA","Date:
      
      June 03, 2023"
29,http://www.ufcstats.com/event-details/6f812143641ceff8,"Location:
      

      Las Vegas, Nevada, USA","Date:
      
      May 20, 2023"
30,http://www.ufcstats.com/event-details/901cddcbfa079097,"Location:
      

      Charlotte, North Carolina, USA","Date:
      
      May 13, 2023"
31,http://www.ufcstats.com/event-details/3c6976f8182d9527,"Location:
      

      Newark, New Jersey, USA","Date:
      
      May 06, 2023"
32,http://www.ufcstats.com/event-details/51b1e2fd9872005b,"Location:
      

      Las Vegas, Nevada, USA","Date:
      
      April 29, 2023"
33,http://www.ufcstats.com/event-details/6fb1ba67bef41b37,"Location:
      

      Las Vegas, Nevada, USA","Date:
      
      April 22, 2023"
34,http://www.ufcstats.com/event-details/15b1b21cd743d652,"Location:
      

      Kansas City, Missouri, USA","Date:
      
      April 15, 2023"
35,http://www.ufcstats.com/event-details/3dc3022232b79c7a,"Location:
      

      Miami, Florida, USA","Date:
      
      April 08, 2023"
36,http://www.ufcstats.com/event-details/aec273fcb765330d,"Location:
      

      San Antonio, Texas, USA","Date:
      
      March 25, 2023"
37,http://www.ufcstats.com/event-details/e4bb7e483c4ad318,"Location:
      

      London, England, United Kingdom","Date:
      
      March 18, 2023"
38,http://www.ufcstats.com/event-details/35080a7f406f9ab3,"Location:
      

      Las Vegas, Nevada, USA","Date:
      
      March 11, 2023"
39,http://www.ufcstats.com/event-details/1ccff7f0cfdf85eb,"Location:
      

      Las Vegas, Nevada, USA","Date:
      
      March 04, 2023"
40,http://www.ufcstats.com/event-details/806975e1b4f47b27,"Location:
      

      Las Vegas, Nevada, USA","Date:
      
      February 25, 2023"
41,http://www.ufcstats.com/event-details/f21a3d68fb9df387,"Location:
      

      Las Vegas, Nevada, USA","Date:
      
      February 18, 2023"
42,http://www.ufcstats.com/event-details/01dd4cdc2446f665,"Location:
      

      Perth, Western Australia, Australia","Date:
      
      February 11, 2023"
43,http://www.ufcstats.com/event-details/d26394fc0e8e880a,"Location:
      

      Las Vegas, Nevada, USA","Date:
      
      February 04, 2023"
44,http://www.ufcstats.com/event-details/5717efc6f271cd52,"Location:
      

      Rio de Janeiro, Rio de Janeiro, Brazil","Date:
      
      January 21, 2023"
45,http://www.ufcstats.com/event-details/2e2cdb6e9eb84bb9,"Location:
      

      Las Vegas, Nevada, USA","Date:
      
      January 14, 2023"
46,http://www.ufcstats.com/event-details/56ec58954158966a,"Location:
      

      Las Vegas, Nevada, USA","Date:
      
      December 17, 2022"
47,http://www.ufcstats.com/event-details/f65a0eb902f9476b,"Location:
      

      Las Vegas, Nevada, USA","Date:
      
      December 10, 2022"
48,http://www.ufcstats.com/event-details/b23388ff8ac6637b,"Location:
      

      Orlando, Florida, USA","Date:
      
      December 03, 2022"
49,http://www.ufcstats.com/event-details/012fc7cd0779c09a,"Location:
      

      Las Vegas, Nevada, USA","Date:
      
      November 19, 2022"
50,http://www.ufcstats.com/event-details/b3b6e80b7d5f8f0d,"Location:
      

      New York City, New York, USA","Date:
      
      November 12, 2022"
51,http://www.ufcstats.com/event-details/756f45905fb20cb5,"Location:
      

      Las Vegas, Nevada, USA","Date:
      
      November 05, 2022"
52,http://www.ufcstats.com/event-details/be5aab761c40ef35,"Location:
      

      Las Vegas, Nevada, USA","Date:
      
      October 29, 2022"
53,http://www.ufcstats.com/event-details/885e7f70dcac0007,"Location:
      

      Abu Dhabi, Abu Dhabi, United Arab Emirates","Date:
      
      October 22, 2022"
54,http://www.ufcstats.com/event-details/49c29e57d4e2be6f,"Location:
      

      Las Vegas, Nevada, USA","Date:
      
      October 15, 2022"
55,http://www.ufcstats.com/event-details/4f670b7972fa0a2e,"Location:
      

      Las Vegas, Nevada, USA","Date:
      
      October 01, 2022"
56,http://www.ufcstats.com/event-details/8d477c3fbe001f9d,"Location:
      

      Las Vegas, Nevada, USA","Date:
      
      September 17, 2022"
57,http://www.ufcstats.com/event-details/93bf96be327fcd98,"Location:
      

      Las Vegas, Nevada, USA","Date:
      
      September 10, 2022"
58,http://www.ufcstats.com/event-details/00a905a4a4a2b071,"Location:
      

      Paris, Ile-de-France, France","Date:
      
      September 03, 2022"
59,http://www.ufcstats.com/event-details/4f853e98886283cf,"Location:
      

      Salt Lake City, Utah, USA","Date:
      
      August 20, 2022"
60,http://www.ufcstats.com/event-details/a23e63184c65f5b8,"Location:
      

      San Diego, California, USA","Date:
      
      August 13, 2022"
61,http://www.ufcstats.com/event-details/8f6a18831a120817,"Location:
      

      Las Vegas, Nevada, USA","Date:
      
      August 06, 2022"
62,http://www.ufcstats.com/event-details/b0a6124751a56bc4,"Location:
      

      Dallas, Texas, USA","Date:
      
      July 30, 2022"
63,http://www.ufcstats.com/event-details/319c15b8aac5bfde,"Location:
      

      London, England, United Kingdom","Date:
      
      July 23, 2022"
64,http://www.ufcstats.com/event-details/8fd76e1b49c00ae2,"Location:
      

      Elmont, New York, USA","Date:
      
      July 16, 2022"
65,http://www.ufcstats.com/event-details/31da66df48c0c1a0,"Location:
      

      Las Vegas, Nevada, USA","Date:
      
      July 09, 2022"
66,http://www.ufcstats.com/event-details/4a9e305633f3ef47,"Location:
      

      Las Vegas, Nevada, USA","Date:
      
      July 02, 2022"
67,http://www.ufcstats.com/event-details/eb42d4febfafefd1,"Location:
      

      Las Vegas, Nevada, USA","Date:
      
      June 25, 2022"
68,http://www.ufcstats.com/event-details/a0a680fe2f6cc8e6,"Location:
      

      Austin, Texas, USA","Date:
      
      June 18, 2022"
69,http://www.ufcstats.com/event-details/3a24769a4855040a,"Location:
      

      Kallang, Singapore","Date:
      
      June 11, 2022"
70,http://www.ufcstats.com/event-details/57591bbf1623574e,"Location:
      

      Las Vegas, Nevada, USA","Date:
      
      June 04, 2022"
71,http://www.ufcstats.com/event-details/a6c32678efd4f434,"Location:
      

      Las Vegas, Nevada, USA","Date:
      
      May 21, 2022"
72,http://www.ufcstats.com/event-details/60ba33c3f555a7a3,"Location:
      

      Las Vegas, Nevada, USA","Date:
      
      May 14, 2022"
73,http://www.ufcstats.com/event-details/253d3f9e97ca149a,"Location:
      

      Phoenix, Arizona, USA","Date:
      
      May 07, 2022"
74,http://www.ufcstats.com/event-details/6bf5a7d3e081ade2,"Location:
      

      Las Vegas, Nevada, USA","Date:
      
      April 30, 2022"
75,http://www.ufcstats.com/event-details/236a37d96d476164,"Location:
      

      Las Vegas, Nevada, USA","Date:
      
      April 23, 2022"
76,http://www.ufcstats.com/event-details/8753e125f4499816,"Location:
      

      Las Vegas, Nevada, USA","Date:
      
      April 16, 2022"
77,http://www.ufcstats.com/event-details/3a97fda0de6f1fa4,"Location:
      

      Jacksonville, Florida, USA","Date:
      
      April 09, 2022"
78,http://www.ufcstats.com/event-details/1fac46d466abd5b8,"Location:
      

      Columbus, Ohio, USA","Date:
      
      March 26, 2022"
79,http://www.ufcstats.com/event-details/1d00756835ca67c9,"Location:
      

      London, England, United Kingdom","Date:
      
      March 19, 2022"
80,http://www.ufcstats.com/event-details/1f9344211ca7fd60,"Location:
      

      Las Vegas, Nevada, USA","Date:
      
      March 12, 2022"
81,http://www.ufcstats.com/event-details/75e0d3cc2262b732,"Location:
      

      Las Vegas, Nevada, USA","Date:
      
      March 05, 2022"
82,http://www.ufcstats.com/event-details/f6a7b02c42e9fc5b,"Location:
      

      Las Vegas, Nevada, USA","Date:
      
      February 26, 2022"
83,http://www.ufcstats.com/event-details/77940e45bc86208e,"Location:
      

      Las Vegas, Nevada, USA","Date:
      
      February 19, 2022"
84,http://www.ufcstats.com/event-details/cbb682f5fcc44bfc,"Location:
      

      Houston, Texas, USA","Date:
      
      February 12, 2022"
85,http://www.ufcstats.com/event-details/883922e5cd6d8473,"Location:
      

      Las Vegas, Nevada, USA","Date:
      
      February 05, 2022"
86,http://www.ufcstats.com/event-details/335ad945324c3a2e,"Location:
      

      Anaheim, California, USA","Date:
      
      January 22, 2022"
87,http://www.ufcstats.com/event-details/f5585e675af7afd4,"Location:
      

      Las Vegas, Nevada, USA","Date:
      
      January 15, 2022"
88,http://www.ufcstats.com/event-details/2a470ad41c22c25a,"Location:
      

      Las Vegas, Nevada, USA","Date:
      
      December 18, 2021"
89,http://www.ufcstats.com/event-details/ef927e4fe2117ab8,"Location:
      

      Las Vegas, Nevada, USA","Date:
      
      December 11, 2021"
90,http://www.ufcstats.com/event-details/509697e08673d2e5,"Location:
      

      Las Vegas, Nevada, USA","Date:
      
      December 04, 2021"
91,http://www.ufcstats.com/event-details/c95fbc085e17a532,"Location:
      

      Las Vegas, Nevada, USA","Date:
      
      November 20, 2021"
92,http://www.ufcstats.com/event-details/b5abaa65f87938eb,"Location:
      

      Las Vegas, Nevada, USA","Date:
      
      November 13, 2021"
93,http://www.ufcstats.com/event-details/48e093ea1f43a053,"Location:
      

      New York City, New York, USA","Date:
      
      November 06, 2021"
94,http://www.ufcstats.com/event-details/3974fa35c917af1d,"Location:
      

      Abu Dhabi, Abu Dhabi, United Arab Emirates","Date:
      
      October 30, 2021"
95,http://www.ufcstats.com/event-details/8a9c6c4301f6d088,"Location:
      

      Las Vegas, Nevada, USA","Date:
      
      October 23, 2021"
96,http://www.ufcstats.com/event-details/8f4616698508f24d,"Location:
      

      Las Vegas, Nevada, USA","Date:
      
      October 16, 2021"
97,http://www.ufcstats.com/event-details/d247691a6c0e9034,"Location:
      

      Las Vegas, Nevada, USA","Date:
      
      October 09, 2021"
98,http://www.ufcstats.com/event-details/e15d0a2519d6a0b5,"Location:
      

      Las Vegas, Nevada, USA","Date:
      
      October 02, 2021"
99,http://www.ufcstats.com/event-details/0eec866a077889f0,"Location:
      

      Las Vegas, Nevada, USA","Date:
      
      September 25, 2021"
100,http://www.ufcstats.com/event-details/4c27ca8c8481f79a,"Location:
      

      Las Vegas, Nevada, USA","Date:
      
      September 18, 2021"
101,http://www.ufcstats.com/event-details/b9532d815060de7f,"Location:
      

      Las Vegas, Nevada, USA","Date:
      
      September 04, 2021"
102,http://www.ufcstats.com/event-details/0db9d2486d564a3c,"Location:
      

      Las Vegas, Nevada, USA","Date:
      
      August 28, 2021"
103,http://www.ufcstats.com/event-details/2f13e4020cea5b38,"Location:
      

      Las Vegas, Nevada, USA","Date:
      
      August 21, 2021"
104,http://www.ufcstats.com/event-details/972197a8c61ac413,"Location:
      

      Houston, Texas, USA","Date:
      
      August 07, 2021"
105,http://www.ufcstats.com/event-details/320edfb0332b7073,"Location:
      

      Las Vegas, Nevada, USA","Date:
      
      July 31, 2021"
106,http://www.ufcstats.com/event-details/e57f0b06ea39e360,"Location:
      

      Las Vegas, Nevada, USA","Date:
      
      July 24, 2021"
107,http://www.ufcstats.com/event-details/40389d39a92f5bfa,"Location:
      

      Las Vegas, Nevada, USA","Date:
      
      July 17, 2021"
108,http://www.ufcstats.com/event-details/8a0be41c0380188d,"Location:
      

      Las Vegas, Nevada, USA","Date:
      
      July 10, 2021"
109,http://www.ufcstats.com/event-details/a1d6b308781aa2f5,"Location:
      

      Las Vegas, Nevada, USA","Date:
      
      June 26, 2021"
110,http://www.ufcstats.com/event-details/9ddfb3369a3b0394,"Location:
      

      Las Vegas, Nevada, USA","Date:
      
      June 19, 2021"
111,http://www.ufcstats.com/event-details/0b64d0fed453ef7f,"Location:
      

      Glendale, Arizona, USA","Date:
      
      June 12, 2021"
112,http://www.ufcstats.com/event-details/3b2485c8d5c8b580,"Location:
      

      Las Vegas, Nevada, USA","Date:
      
      June 05, 2021"
113,http://www.ufcstats.com/event-details/277ffed20cf07aea,"Location:
      

      Las Vegas, Nevada, USA","Date:
      
      May 22, 2021"
114,http://www.ufcstats.com/event-details/744f50016c39c26c,"Location:
      

      Houston, Texas, USA","Date:
      
      May 15, 2021"
115,http://www.ufcstats.com/event-details/58a36b4ccf5dc30e,"Location:
      

      Las Vegas, Nevada, USA","Date:
      
      May 08, 2021"
116,http://www.ufcstats.com/event-details/d57e6a8971b6d2bd,"Location:
      

      Las Vegas, Nevada, USA","Date:
      
      May 01, 2021"
117,http://www.ufcstats.com/event-details/27541033b97c076d,"Location:
      

      Jacksonville, Florida, USA","Date:
      
      April 24, 2021"
118,http://www.ufcstats.com/event-details/4a35913bd9aa4161,"Location:
      

      Las Vegas, Nevada, USA","Date:
      
      April 17, 2021"
119,http://www.ufcstats.com/event-details/9114c8ded5ccd71d,"Location:
      

      Las Vegas, Nevada, USA","Date:
      
      April 10, 2021"
120,http://www.ufcstats.com/event-details/6597b611f1c32555,"Location:
      

      Las Vegas, Nevada, USA","Date:
      
      March 27, 2021"
121,http://www.ufcstats.com/event-details/c36e1f4fa755ffb4,"Location:
      

      Las Vegas, Nevada, USA","Date:
      
      March 20, 2021"
122,http://www.ufcstats.com/event-details/8c90c1563972e44d,"Location:
      

      Las Vegas, Nevada, USA","Date:
      
      March 13, 2021"
123,http://www.ufcstats.com/event-details/6e2b1d631832921d,"Location:
      

      Las Vegas, Nevada, USA","Date:
      
      March 06, 2021"
124,http://www.ufcstats.com/event-details/81b57acd6975ac06,"Location:
      

      Las Vegas, Nevada, USA","Date:
      
      February 27, 2021"
125,http://www.ufcstats.com/event-details/bfe95ec546692b13,"Location:
      

      Las Vegas, Nevada, USA","Date:
      
      February 20, 2021"
126,http://www.ufcstats.com/event-details/3f7c14c7eca7195d,"Location:
      

      Las Vegas, Nevada, USA","Date:
      
      February 13, 2021"
127,http://www.ufcstats.com/event-details/a1153013cb5f628f,"Location:
      

      Las Vegas, Nevada, USA","Date:
      
      February 06, 2021"
128,http://www.ufcstats.com/event-details/4304992c2acc187b,"Location:
      

      Abu Dhabi, Abu Dhabi, United Arab Emirates","Date:
      
      January 23, 2021"
129,http://www.ufcstats.com/event-details/56116537d71a578c,"Location:
      

      Abu Dhabi, Abu Dhabi, United Arab Emirates","Date:
      
      January 20, 2021"
130,http://www.ufcstats.com/event-details/307064d3e0f036c2,"Location:
      

      Abu Dhabi, Abu Dhabi, United Arab Emirates","Date:
      
      January 16, 2021"
131,http://www.ufcstats.com/event-details/e49c2db95e572dc8,"Location:
      

      Las Vegas, Nevada, USA","Date:
      
      December 19, 2020"
132,http://www.ufcstats.com/event-details/d0d43cb9b14f231c,"Location:
      

      Las Vegas, Nevada, USA","Date:
      
      December 12, 2020"
133,http://www.ufcstats.com/event-details/398b440e73d55b8b,"Location:
      

      Las Vegas, Nevada, USA","Date:
      
      December 05, 2020"
134,http://www.ufcstats.com/event-details/992c82450d96f726,"Location:
      

      Las Vegas, Nevada, USA","Date:
      
      November 28, 2020"
135,http://www.ufcstats.com/event-details/bbb15f301e4a490a,"Location:
      

      Las Vegas, Nevada, USA","Date:
      
      November 21, 2020"
136,http://www.ufcstats.com/event-details/3bc27ec15facbcf3,"Location:
      

      Las Vegas, Nevada, USA","Date:
      
      November 14, 2020"
137,http://www.ufcstats.com/event-details/41dca66f9dadfc86,"Location:
      

      Las Vegas, Nevada, USA","Date:
      
      November 07, 2020"
138,http://www.ufcstats.com/event-details/ad044be25c94dcfd,"Location:
      

      Las Vegas, Nevada, USA","Date:
      
      October 31, 2020"
139,http://www.ufcstats.com/event-details/c3c38c86f5ab9b5c,"Location:
      

      Abu Dhabi, Abu Dhabi, United Arab Emirates","Date:
      
      October 24, 2020"
140,http://www.ufcstats.com/event-details/d4f364dd076bb0e2,"Location:
      

      Abu Dhabi, Abu Dhabi, United Arab Emirates","Date:
      
      October 17, 2020"
141,http://www.ufcstats.com/event-details/fd4578cac86d75ca,"Location:
      

      Abu Dhabi, Abu Dhabi, United Arab Emirates","Date:
      
      October 10, 2020"
142,http://www.ufcstats.com/event-details/805ad1801eb26abb,"Location:
      

      Abu Dhabi, Abu Dhabi, United Arab Emirates","Date:
      
      October 03, 2020"
143,http://www.ufcstats.com/event-details/e69c5ce12f4e762b,"Location:
      

      Abu Dhabi, Abu Dhabi, United Arab Emirates","Date:
      
      September 26, 2020"
144,http://www.ufcstats.com/event-details/831b937811804dad,"Location:
      

      Las Vegas, Nevada, USA","Date:
      
      September 19, 2020"
145,http://www.ufcstats.com/event-details/9c37681096c6f3a9,"Location:
      

      Las Vegas, Nevada, USA","Date:
      
      September 12, 2020"
146,http://www.ufcstats.com/event-details/542db012217ecb83,"Location:
      

      Las Vegas, Nevada, USA","Date:
      
      September 05, 2020"
147,http://www.ufcstats.com/event-details/e29cf523ebd155c5,"Location:
      

      Las Vegas, Nevada, USA","Date:
      
      August 29, 2020"
148,http://www.ufcstats.com/event-details/af1e5c64b8663aa0,"Location:
      

      Las Vegas, Nevada, USA","Date:
      
      August 22, 2020"
149,http://www.ufcstats.com/event-details/bda04c573563cc2e,"Location:
      

      Las Vegas, Nevada, USA","Date:
      
      August 15, 2020"
150,http://www.ufcstats.com/event-details/7a82635ffa9b59fe,"Location:
      

      Las Vegas, Nevada, USA","Date:
      
      August 08, 2020"
151,http://www.ufcstats.com/event-details/3746e21bb508391a,"Location:
      

      Las Vegas, Nevada, USA","Date:
      
      August 01, 2020"
152,http://www.ufcstats.com/event-details/dde70a112e053a6c,"Location:
      

      Abu Dhabi, Abu Dhabi, United Arab Emirates","Date:
      
      July 25, 2020"
153,http://www.ufcstats.com/event-details/ddbd0d6259ce57cc,"Location:
      

      Abu Dhabi, Abu Dhabi, United Arab Emirates","Date:
      
      July 18, 2020"
154,http://www.ufcstats.com/event-details/18f5669a92e99d92,"Location:
      

      Abu Dhabi, Abu Dhabi, United Arab Emirates","Date:
      
      July 15, 2020"
155,http://www.ufcstats.com/event-details/dbd198f780286aca,"Location:
      

      Abu Dhabi, Abu Dhabi, United Arab Emirates","Date:
      
      July 11, 2020"
156,http://www.ufcstats.com/event-details/c32eab6c2119e989,"Location:
      

      Las Vegas, Nevada, USA","Date:
      
      June 27, 2020"
157,http://www.ufcstats.com/event-details/2eab7a6c8b0ed8cc,"Location:
      

      Las Vegas, Nevada, USA","Date:
      
      June 20, 2020"
158,http://www.ufcstats.com/event-details/1e13936d708bcff7,"Location:
      

      Las Vegas, Nevada, USA","Date:
      
      June 13, 2020"
159,http://www.ufcstats.com/event-details/4c12aa7ca246e7a4,"Location:
      

      Las Vegas, Nevada, USA","Date:
      
      June 06, 2020"
160,http://www.ufcstats.com/event-details/14b9e0f2679a2205,"Location:
      

      Las Vegas, Nevada, USA","Date:
      
      May 30, 2020"
161,http://www.ufcstats.com/event-details/dfb965c9824425db,"Location:
      

      Jacksonville, Florida, USA","Date:
      
      May 16, 2020"
162,http://www.ufcstats.com/event-details/5f8e00c27b7e7410,"Location:
      

      Jacksonville, Florida, USA","Date:
      
      May 13, 2020"
163,http://www.ufcstats.com/event-details/898337ef520fe4d3,"Location:
      

      Jacksonville, Florida, USA","Date:
      
      May 09, 2020"
164,http://www.ufcstats.com/event-details/53278852bcd91e11,"Location:
      

      Brasilia, Distrito Federal, Brazil","Date:
      
      March 14, 2020"
165,http://www.ufcstats.com/event-details/0b5b6876c2a4723f,"Location:
      

      Las Vegas, Nevada, USA","Date:
      
      March 07, 2020"
166,http://www.ufcstats.com/event-details/fc9a9559a05f2704,"Location:
      

      Norfolk, Virginia, USA","Date:
      
      February 29, 2020"
167,http://www.ufcstats.com/event-details/33b2f68ef95252e0,"Location:
      

      Auckland, New Zealand","Date:
      
      February 22, 2020"
168,http://www.ufcstats.com/event-details/5df17b3620145578,"Location:
      

      Rio Rancho, New Mexico, USA","Date:
      
      February 15, 2020"
169,http://www.ufcstats.com/event-details/b26d3e3746fb4024,"Location:
      

      Houston, Texas, USA","Date:
      
      February 08, 2020"
170,http://www.ufcstats.com/event-details/44aa652b181bcf68,"Location:
      

      Raleigh, North Carolina, USA","Date:
      
      January 25, 2020"
171,http://www.ufcstats.com/event-details/0c1773639c795466,"Location:
      

      Las Vegas, Nevada, USA","Date:
      
      January 18, 2020"
172,http://www.ufcstats.com/event-details/74fefd43f073cd2f,"Location:
      

      Busan, South Korea","Date:
      
      December 21, 2019"
173,http://www.ufcstats.com/event-details/4565d435005319c0,"Location:
      

      Las Vegas, Nevada, USA","Date:
      
      December 14, 2019"
174,http://www.ufcstats.com/event-details/b09890ba7ce1d1e2,"Location:
      

      Washington, DC, USA","Date:
      
      December 07, 2019"
175,http://www.ufcstats.com/event-details/81ca2c245b19b3c5,"Location:
      

      Sao Paulo, Sao Paulo, Brazil","Date:
      
      November 16, 2019"
176,http://www.ufcstats.com/event-details/8d5daf67983b65ba,"Location:
      

      Moscow, Moscow, Russia","Date:
      
      November 09, 2019"
177,http://www.ufcstats.com/event-details/fd87b1bbfcde9d5e,"Location:
      

      New York City, New York, USA","Date:
      
      November 02, 2019"
178,http://www.ufcstats.com/event-details/df05aa15b2d66f57,"Location:
      

      Kallang, Singapore","Date:
      
      October 26, 2019"
179,http://www.ufcstats.com/event-details/3ae10ac4df3df05c,"Location:
      

      Boston, Massachusetts, USA","Date:
      
      October 18, 2019"
180,http://www.ufcstats.com/event-details/0941df56f6ac954b,"Location:
      

      Tampa, Florida, USA","Date:
      
      October 12, 2019"
181,http://www.ufcstats.com/event-details/3cf68c1d17f66af7,"Location:
      

      Melbourne, Victoria, Australia","Date:
      
      October 05, 2019"
182,http://www.ufcstats.com/event-details/1bf49bf829964144,"Location:
      

      Copenhagen, Denmark","Date:
      
      September 28, 2019"
183,http://www.ufcstats.com/event-details/94a5aaf573f780ad,"Location:
      

      Mexico City, Distrito Federal, Mexico","Date:
      
      September 21, 2019"
184,http://www.ufcstats.com/event-details/4834ff149dc9542a,"Location:
      

      Vancouver, British Columbia, Canada","Date:
      
      September 14, 2019"
185,http://www.ufcstats.com/event-details/a79bfbc01b2264d6,"Location:
      

      Abu Dhabi, Abu Dhabi, United Arab Emirates","Date:
      
      September 07, 2019"
186,http://www.ufcstats.com/event-details/2c104b7e59a72629,"Location:
      

      Shenzhen, Guangdong, China","Date:
      
      August 31, 2019"
187,http://www.ufcstats.com/event-details/70167689d6a01793,"Location:
      

      Anaheim, California, USA","Date:
      
      August 17, 2019"
188,http://www.ufcstats.com/event-details/e5d03e4d966126bd,"Location:
      

      Montevideo, Uruguay","Date:
      
      August 10, 2019"
189,http://www.ufcstats.com/event-details/03da33a102d9a45f,"Location:
      

      Newark, New Jersey, USA","Date:
      
      August 03, 2019"
190,http://www.ufcstats.com/event-details/abcf7e55a0a9ed89,"Location:
      

      Edmonton, Alberta, Canada","Date:
      
      July 27, 2019"
191,http://www.ufcstats.com/event-details/9e0f28d1f639ad73,"Location:
      

      San Antonio, Texas, USA","Date:
      
      July 20, 2019"
192,http://www.ufcstats.com/event-details/2f8f3c69522db931,"Location:
      

      Sacramento, California, USA","Date:
      
      July 13, 2019"
193,http://www.ufcstats.com/event-details/6c9383ffab2725a5,"Location:
      

      Las Vegas, Nevada, USA","Date:
      
      July 06, 2019"
194,http://www.ufcstats.com/event-details/c0c1bc0766df4c00,"Location:
      

      Minneapolis, Minnesota, USA","Date:
      
      June 29, 2019"
195,http://www.ufcstats.com/event-details/b16a7e6a627e9789,"Location:
      

      Greenville, South Carolina, USA","Date:
      
      June 22, 2019"
196,http://www.ufcstats.com/event-details/e31502e3f79d00c5,"Location:
      

      Chicago, Illinois, USA","Date:
      
      June 08, 2019"
197,http://www.ufcstats.com/event-details/cbc071cb20ea59c7,"Location:
      

      Stockholm, Sweden","Date:
      
      June 01, 2019"
198,http://www.ufcstats.com/event-details/6b8f28da9a483049,"Location:
      

      Rochester, New York, USA","Date:
      
      May 18, 2019"
199,http://www.ufcstats.com/event-details/9de7c97e1c0d7927,"Location:
      

      Rio de Janeiro, Rio de Janeiro, Brazil","Date:
      
      May 11, 2019"
200,http://www.ufcstats.com/event-details/351264d11286d09a,"Location:
      

      Ottawa, Ontario, Canada","Date:
      
      May 04, 2019"
201,http://www.ufcstats.com/event-details/c912f676692c353a,"Location:
      

      Sunrise, Florida, USA","Date:
      
      April 27, 2019"
202,http://www.ufcstats.com/event-details/7dcf06c1967801c1,"Location:
      

      Saint Petersburg, Saint Petersburg, Russia","Date:
      
      April 20, 2019"
203,http://www.ufcstats.com/event-details/b0550072e5f0afa7,"Location:
      

      Atlanta, Georgia, USA","Date:
      
      April 13, 2019"
204,http://www.ufcstats.com/event-details/9649d75defe0dedb,"Location:
      

      Philadelphia, Pennsylvania, USA","Date:
      
      March 30, 2019"
205,http://www.ufcstats.com/event-details/487c170da059857d,"Location:
      

      Nashville, Tennessee, USA","Date:
      
      March 23, 2019"
206,http://www.ufcstats.com/event-details/80eacd4da0617c57,"Location:
      

      London, England, United Kingdom","Date:
      
      March 16, 2019"
207,http://www.ufcstats.com/event-details/e96d8538d3f9d0ed,"Location:
      

      Wichita, Kansas, USA","Date:
      
      March 09, 2019"
208,http://www.ufcstats.com/event-details/2d5fbe2103f97053,"Location:
      

      Las Vegas, Nevada, USA","Date:
      
      March 02, 2019"
209,http://www.ufcstats.com/event-details/6546af7ab545b90c,"Location:
      

      Prague, Czech Republic","Date:
      
      February 23, 2019"
210,http://www.ufcstats.com/event-details/a7a79b8efbceaaac,"Location:
      

      Phoenix, Arizona, USA","Date:
      
      February 17, 2019"
211,http://www.ufcstats.com/event-details/b5882371e2a3900d,"Location:
      

      Melbourne, Victoria, Australia","Date:
      
      February 09, 2019"
212,http://www.ufcstats.com/event-details/84283233ec42be5f,"Location:
      

      Fortaleza, Ceara, Brazil","Date:
      
      February 02, 2019"
213,http://www.ufcstats.com/event-details/d4da8995fc91e7ef,"Location:
      

      Brooklyn, New York, USA","Date:
      
      January 19, 2019"
214,http://www.ufcstats.com/event-details/c046100aea0dba9a,"Location:
      

      Los Angeles, California, USA","Date:
      
      December 29, 2018"
215,http://www.ufcstats.com/event-details/7a703c565ccaa18f,"Location:
      

      Milwaukee, Wisconsin, USA","Date:
      
      December 15, 2018"
216,http://www.ufcstats.com/event-details/2a74bbba57058f12,"Location:
      

      Toronto, Ontario, Canada","Date:
      
      December 08, 2018"
217,http://www.ufcstats.com/event-details/d1d20e651e6cbc02,"Location:
      

      Adelaide, South Australia, Australia","Date:
      
      December 01, 2018"
218,http://www.ufcstats.com/event-details/c7ac79839e86ce33,"Location:
      

      Las Vegas, Nevada, USA","Date:
      
      November 30, 2018"
219,http://www.ufcstats.com/event-details/de25520d54eab12d,"Location:
      

      Beijing, China","Date:
      
      November 24, 2018"
220,http://www.ufcstats.com/event-details/aa3153a9941b4d44,"Location:
      

      Buenos Aires, Buenos Aires, Argentina","Date:
      
      November 17, 2018"
221,http://www.ufcstats.com/event-details/42c96a9c4802e2e1,"Location:
      

      Denver, Colorado, USA","Date:
      
      November 10, 2018"
222,http://www.ufcstats.com/event-details/20821819c401ced8,"Location:
      

      New York City, New York, USA","Date:
      
      November 03, 2018"
223,http://www.ufcstats.com/event-details/33a331684283900f,"Location:
      

      Moncton, New Brunswick, Canada","Date:
      
      October 27, 2018"
224,http://www.ufcstats.com/event-details/1ef0eae31904e534,"Location:
      

      Las Vegas, Nevada, USA","Date:
      
      October 06, 2018"
225,http://www.ufcstats.com/event-details/852454c572675334,"Location:
      

      Sao Paulo, Sao Paulo, Brazil","Date:
      
      September 22, 2018"
226,http://www.ufcstats.com/event-details/8d49545dadf9b919,"Location:
      

      Moscow, Moscow, Russia","Date:
      
      September 15, 2018"
227,http://www.ufcstats.com/event-details/d5ae8074631762fc,"Location:
      

      Dallas, Texas, USA","Date:
      
      September 08, 2018"
228,http://www.ufcstats.com/event-details/c0342805a1948cbb,"Location:
      

      Lincoln, Nebraska, USA","Date:
      
      August 25, 2018"
229,http://www.ufcstats.com/event-details/03b1e846b09f721d,"Location:
      

      Los Angeles, California, USA","Date:
      
      August 04, 2018"
230,http://www.ufcstats.com/event-details/322a56923b396b4d,"Location:
      

      Calgary, Alberta, Canada","Date:
      
      July 28, 2018"
231,http://www.ufcstats.com/event-details/4f732e58ed907eff,"Location:
      

      Hamburg, Hamburg, Germany","Date:
      
      July 22, 2018"
232,http://www.ufcstats.com/event-details/b45d6b73f4ca4467,"Location:
      

      Boise, Idaho, USA","Date:
      
      July 14, 2018"
233,http://www.ufcstats.com/event-details/35585d970300d45a,"Location:
      

      Las Vegas, Nevada, USA","Date:
      
      July 07, 2018"
234,http://www.ufcstats.com/event-details/8215e4fe24e8e81b,"Location:
      

      Las Vegas, Nevada, USA","Date:
      
      July 06, 2018"
235,http://www.ufcstats.com/event-details/ac5f67109accb482,"Location:
      

      Kallang, Singapore","Date:
      
      June 23, 2018"
236,http://www.ufcstats.com/event-details/2eae41f61776c60f,"Location:
      

      Chicago, Illinois, USA","Date:
      
      June 09, 2018"
237,http://www.ufcstats.com/event-details/d29b5c4f22c6357d,"Location:
      

      Utica, New York, USA","Date:
      
      June 01, 2018"
238,http://www.ufcstats.com/event-details/f5990c11974d8e9c,"Location:
      

      Liverpool, England, United Kingdom","Date:
      
      May 27, 2018"
239,http://www.ufcstats.com/event-details/3144121470023e9a,"Location:
      

      Santiago, Chile","Date:
      
      May 19, 2018"
240,http://www.ufcstats.com/event-details/67ec58d7cf599835,"Location:
      

      Rio de Janeiro, Rio de Janeiro, Brazil","Date:
      
      May 12, 2018"
241,http://www.ufcstats.com/event-details/ad99fa5325519169,"Location:
      

      Atlantic City, New Jersey, USA","Date:
      
      April 21, 2018"
242,http://www.ufcstats.com/event-details/620be7e0712d431b,"Location:
      

      Glendale, Arizona, USA","Date:
      
      April 14, 2018"
243,http://www.ufcstats.com/event-details/49e7e05f902479ca,"Location:
      

      Brooklyn, New York, USA","Date:
      
      April 07, 2018"
244,http://www.ufcstats.com/event-details/eed2b71d77d95416,"Location:
      

      London, England, United Kingdom","Date:
      
      March 17, 2018"
245,http://www.ufcstats.com/event-details/7929be8290289a47,"Location:
      

      Las Vegas, Nevada, USA","Date:
      
      March 03, 2018"
246,http://www.ufcstats.com/event-details/daa89f01e1c0f42a,"Location:
      

      Orlando, Florida, USA","Date:
      
      February 24, 2018"
247,http://www.ufcstats.com/event-details/d181689653115b6a,"Location:
      

      Austin, Texas, USA","Date:
      
      February 18, 2018"
248,http://www.ufcstats.com/event-details/15515e797aedc137,"Location:
      

      Perth, Western Australia, Australia","Date:
      
      February 10, 2018"
249,http://www.ufcstats.com/event-details/7cf20446453f852b,"Location:
      

      Belem, Para, Brazil","Date:
      
      February 03, 2018"
250,http://www.ufcstats.com/event-details/602bb270f2bdbf02,"Location:
      

      Charlotte, North Carolina, USA","Date:
      
      January 27, 2018"
251,http://www.ufcstats.com/event-details/02177caefe7c07d4,"Location:
      

      Boston, Massachusetts, USA","Date:
      
      January 20, 2018"
252,http://www.ufcstats.com/event-details/fc1868f56d3036eb,"Location:
      

      St. Louis, Missouri, USA","Date:
      
      January 14, 2018"
253,http://www.ufcstats.com/event-details/04076783ca83d6ae,"Location:
      

      Las Vegas, Nevada, USA","Date:
      
      December 30, 2017"
254,http://www.ufcstats.com/event-details/eaa0a728cc91ef60,"Location:
      

      Winnipeg, Manitoba, Canada","Date:
      
      December 16, 2017"
255,http://www.ufcstats.com/event-details/bcd124bcd3d5be46,"Location:
      

      Fresno, California, USA","Date:
      
      December 09, 2017"
256,http://www.ufcstats.com/event-details/9e30f69cc0869301,"Location:
      

      Detroit, Michigan, USA","Date:
      
      December 02, 2017"
257,http://www.ufcstats.com/event-details/30e8b4505f5ccf92,"Location:
      

      Las Vegas, Nevada, USA","Date:
      
      December 01, 2017"
258,http://www.ufcstats.com/event-details/e7bc606d269896aa,"Location:
      

      Shanghai, Hebei, China","Date:
      
      November 25, 2017"
259,http://www.ufcstats.com/event-details/caced97768818230,"Location:
      

      Sydney, New South Wales, Australia","Date:
      
      November 18, 2017"
260,http://www.ufcstats.com/event-details/d856a0080ac09ed7,"Location:
      

      Norfolk, Virginia, USA","Date:
      
      November 11, 2017"
261,http://www.ufcstats.com/event-details/a25b71fe5e31fa97,"Location:
      

      New York City, New York, USA","Date:
      
      November 04, 2017"
262,http://www.ufcstats.com/event-details/a7724f51e32e763e,"Location:
      

      Sao Paulo, Sao Paulo, Brazil","Date:
      
      October 28, 2017"
263,http://www.ufcstats.com/event-details/d6b68eaf4b68b160,"Location:
      

      Gdansk, Poland","Date:
      
      October 21, 2017"
264,http://www.ufcstats.com/event-details/cc5834a495d1ea08,"Location:
      

      Las Vegas, Nevada, USA","Date:
      
      October 07, 2017"
265,http://www.ufcstats.com/event-details/9211aae062b799d6,"Location:
      

      Saitama, Saitama, Japan","Date:
      
      September 22, 2017"
266,http://www.ufcstats.com/event-details/1979c80150f630c4,"Location:
      

      Pittsburgh, Pennsylvania, USA","Date:
      
      September 16, 2017"
267,http://www.ufcstats.com/event-details/d86e913c548c07c2,"Location:
      

      Edmonton, Alberta, Canada","Date:
      
      September 09, 2017"
268,http://www.ufcstats.com/event-details/a3244e3238541482,"Location:
      

      Rotterdam, Zuid-Holland, Netherlands","Date:
      
      September 02, 2017"
269,http://www.ufcstats.com/event-details/f4a031ac205ac580,"Location:
      

      Mexico City, Distrito Federal, Mexico","Date:
      
      August 05, 2017"
270,http://www.ufcstats.com/event-details/ff9578cdbfabd323,"Location:
      

      Anaheim, California, USA","Date:
      
      July 29, 2017"
271,http://www.ufcstats.com/event-details/9f3d6ddef3d3cccc,"Location:
      

      Uniondale, New York, USA","Date:
      
      July 22, 2017"
272,http://www.ufcstats.com/event-details/d7907a9a968e4d29,"Location:
      

      Glasgow, Scotland, United Kingdom","Date:
      
      July 16, 2017"
273,http://www.ufcstats.com/event-details/686cccbf1a4de453,"Location:
      

      Las Vegas, Nevada, USA","Date:
      
      July 08, 2017"
274,http://www.ufcstats.com/event-details/23bd78c3f89bdb54,"Location:
      

      Las Vegas, Nevada, USA","Date:
      
      July 07, 2017"
275,http://www.ufcstats.com/event-details/99bf06f20491cb54,"Location:
      

      Oklahoma City, Oklahoma, USA","Date:
      
      June 25, 2017"
276,http://www.ufcstats.com/event-details/353de740bb6c7e75,"Location:
      

      Kallang, Singapore","Date:
      
      June 17, 2017"
277,http://www.ufcstats.com/event-details/90e7447d8b7f3f35,"Location:
      

      Auckland, New Zealand","Date:
      
      June 10, 2017"
278,http://www.ufcstats.com/event-details/1507214bbc7a79e2,"Location:
      

      Rio de Janeiro, Rio de Janeiro, Brazil","Date:
      
      June 03, 2017"
279,http://www.ufcstats.com/event-details/1c7cce2f5c17160d,"Location:
      

      Stockholm, Sweden","Date:
      
      May 28, 2017"
280,http://www.ufcstats.com/event-details/5df10509264586e5,"Location:
      

      Dallas, Texas, USA","Date:
      
      May 13, 2017"
281,http://www.ufcstats.com/event-details/bc7f7f0ba3db74d2,"Location:
      

      Nashville, Tennessee, USA","Date:
      
      April 22, 2017"
282,http://www.ufcstats.com/event-details/ed069a95aaaf4f56,"Location:
      

      Kansas City, Missouri, USA","Date:
      
      April 15, 2017"
283,http://www.ufcstats.com/event-details/e7bfdb5e0112891e,"Location:
      

      Buffalo, New York, USA","Date:
      
      April 08, 2017"
284,http://www.ufcstats.com/event-details/c0231720fe516994,"Location:
      

      London, England, United Kingdom","Date:
      
      March 18, 2017"
285,http://www.ufcstats.com/event-details/47b7e4e60813b7b2,"Location:
      

      Fortaleza, Ceara, Brazil","Date:
      
      March 11, 2017"
286,http://www.ufcstats.com/event-details/20e403a1acfef130,"Location:
      

      Las Vegas, Nevada, USA","Date:
      
      March 04, 2017"
287,http://www.ufcstats.com/event-details/b4ad3a06ee4d660c,"Location:
      

      Halifax, Nova Scotia, Canada","Date:
      
      February 19, 2017"
288,http://www.ufcstats.com/event-details/865aa315ea62c511,"Location:
      

      Brooklyn, New York, USA","Date:
      
      February 11, 2017"
289,http://www.ufcstats.com/event-details/6a8a06b542e1516d,"Location:
      

      Houston, Texas, USA","Date:
      
      February 04, 2017"
290,http://www.ufcstats.com/event-details/4512e46543b960ad,"Location:
      

      Denver, Colorado, USA","Date:
      
      January 28, 2017"
291,http://www.ufcstats.com/event-details/46effbd1135423c5,"Location:
      

      Phoenix, Arizona, USA","Date:
      
      January 15, 2017"
292,http://www.ufcstats.com/event-details/4b2390cfaceb91d8,"Location:
      

      Las Vegas, Nevada, USA","Date:
      
      December 30, 2016"
293,http://www.ufcstats.com/event-details/32541eb5d12668b4,"Location:
      

      Sacramento, California, USA","Date:
      
      December 17, 2016"
294,http://www.ufcstats.com/event-details/6e3282d57d2467a0,"Location:
      

      Toronto, Ontario, Canada","Date:
      
      December 10, 2016"
295,http://www.ufcstats.com/event-details/7139cd2ae4bf6a29,"Location:
      

      Albany, New York, USA","Date:
      
      December 09, 2016"
296,http://www.ufcstats.com/event-details/bd4389b71fdc0ce2,"Location:
      

      Las Vegas, Nevada, USA","Date:
      
      December 03, 2016"
297,http://www.ufcstats.com/event-details/73e09f837f3b5ecc,"Location:
      

      Melbourne, Victoria, Australia","Date:
      
      November 26, 2016"
298,http://www.ufcstats.com/event-details/5cde96e0a1a1fffe,"Location:
      

      Sao Paulo, Sao Paulo, Brazil","Date:
      
      November 19, 2016"
299,http://www.ufcstats.com/event-details/6810d8d2dd557cf9,"Location:
      

      Belfast, Northern Ireland, United Kingdom","Date:
      
      November 19, 2016"
300,http://www.ufcstats.com/event-details/4956f60b7fa57c1a,"Location:
      

      New York City, New York, USA","Date:
      
      November 12, 2016"
301,http://www.ufcstats.com/event-details/6083f497c22cc075,"Location:
      

      Mexico City, Distrito Federal, Mexico","Date:
      
      November 05, 2016"
302,http://www.ufcstats.com/event-details/154a6b3ffae264cd,"Location:
      

      Manchester, England, United Kingdom","Date:
      
      October 08, 2016"
303,http://www.ufcstats.com/event-details/a196332ee4aa8a82,"Location:
      

      Portland, Oregon, USA","Date:
      
      October 01, 2016"
304,http://www.ufcstats.com/event-details/e18012194473e8b0,"Location:
      

      Brasilia, Distrito Federal, Brazil","Date:
      
      September 24, 2016"
305,http://www.ufcstats.com/event-details/d6455cb4bee503ce,"Location:
      

      Hidalgo, Texas, USA","Date:
      
      September 17, 2016"
306,http://www.ufcstats.com/event-details/2dc7f1762dc0a7ef,"Location:
      

      Cleveland, Ohio, USA","Date:
      
      September 10, 2016"
307,http://www.ufcstats.com/event-details/2b4faacc16d66898,"Location:
      

      Hamburg, Hamburg, Germany","Date:
      
      September 03, 2016"
308,http://www.ufcstats.com/event-details/cfbccfed4e4796fe,"Location:
      

      Vancouver, British Columbia, Canada","Date:
      
      August 27, 2016"
309,http://www.ufcstats.com/event-details/5da4e8dc02e50ac0,"Location:
      

      Las Vegas, Nevada, USA","Date:
      
      August 20, 2016"
310,http://www.ufcstats.com/event-details/232c582f29f8f65e,"Location:
      

      Salt Lake City, Utah, USA","Date:
      
      August 06, 2016"
311,http://www.ufcstats.com/event-details/72cbe507644a587c,"Location:
      

      Atlanta, Georgia, USA","Date:
      
      July 30, 2016"
312,http://www.ufcstats.com/event-details/8a028648f3f0761d,"Location:
      

      Chicago, Illinois, USA","Date:
      
      July 23, 2016"
313,http://www.ufcstats.com/event-details/5e7a28f20927d64a,"Location:
      

      Sioux Falls, South Dakota, USA","Date:
      
      July 13, 2016"
314,http://www.ufcstats.com/event-details/aa5b4eff51bdc7d1,"Location:
      

      Las Vegas, Nevada, USA","Date:
      
      July 09, 2016"
315,http://www.ufcstats.com/event-details/cd42bbe8887bba90,"Location:
      

      Las Vegas, Nevada, USA","Date:
      
      July 08, 2016"
316,http://www.ufcstats.com/event-details/45a2ba3ef82b9700,"Location:
      

      Las Vegas, Nevada, USA","Date:
      
      July 07, 2016"
317,http://www.ufcstats.com/event-details/563d051c9e769b24,"Location:
      

      Ottawa, Ontario, Canada","Date:
      
      June 18, 2016"
318,http://www.ufcstats.com/event-details/ff4c3ab594c7fac3,"Location:
      

      Los Angeles, California, USA","Date:
      
      June 04, 2016"
319,http://www.ufcstats.com/event-details/990060b2a68a7b82,"Location:
      

      Las Vegas, Nevada, USA","Date:
      
      May 29, 2016"
320,http://www.ufcstats.com/event-details/a4bf17bd3ba3423b,"Location:
      

      Curitiba, Parana, Brazil","Date:
      
      May 14, 2016"
321,http://www.ufcstats.com/event-details/a314687f372b2cec,"Location:
      

      Rotterdam, Zuid-Holland, Netherlands","Date:
      
      May 08, 2016"
322,http://www.ufcstats.com/event-details/3d481aa374c954a1,"Location:
      

      Las Vegas, Nevada, USA","Date:
      
      April 23, 2016"
323,http://www.ufcstats.com/event-details/e7e970d508529bf3,"Location:
      

      Tampa, Florida, USA","Date:
      
      April 16, 2016"
324,http://www.ufcstats.com/event-details/4887e5bc4dbb73ff,"Location:
      

      Zagreb, Croatia","Date:
      
      April 10, 2016"
325,http://www.ufcstats.com/event-details/e60201cfab7d656d,"Location:
      

      Brisbane, Queensland, Australia","Date:
      
      March 19, 2016"
326,http://www.ufcstats.com/event-details/db1f2ed63b54b9a7,"Location:
      

      Las Vegas, Nevada, USA","Date:
      
      March 05, 2016"
327,http://www.ufcstats.com/event-details/39c568f8c579913e,"Location:
      

      London, England, United Kingdom","Date:
      
      February 27, 2016"
328,http://www.ufcstats.com/event-details/d56bb6dff2ae77eb,"Location:
      

      Pittsburgh, Pennsylvania, USA","Date:
      
      February 21, 2016"
329,http://www.ufcstats.com/event-details/de99da2c0d18d34a,"Location:
      

      Las Vegas, Nevada, USA","Date:
      
      February 06, 2016"
330,http://www.ufcstats.com/event-details/b3fb8d2293e17a59,"Location:
      

      Newark, New Jersey, USA","Date:
      
      January 30, 2016"
331,http://www.ufcstats.com/event-details/c6becb722706c7d8,"Location:
      

      Boston, Massachusetts, USA","Date:
      
      January 17, 2016"
332,http://www.ufcstats.com/event-details/380e8b023290d091,"Location:
      

      Las Vegas, Nevada, USA","Date:
      
      January 02, 2016"
333,http://www.ufcstats.com/event-details/80d918336163b80c,"Location:
      

      Orlando, Florida, USA","Date:
      
      December 19, 2015"
334,http://www.ufcstats.com/event-details/354808cf38d9d73c,"Location:
      

      Las Vegas, Nevada, USA","Date:
      
      December 12, 2015"
335,http://www.ufcstats.com/event-details/20fbff570c678e1c,"Location:
      

      Las Vegas, Nevada, USA","Date:
      
      December 11, 2015"
336,http://www.ufcstats.com/event-details/dd39f1ca787a3d9d,"Location:
      

      Las Vegas, Nevada, USA","Date:
      
      December 10, 2015"
337,http://www.ufcstats.com/event-details/4d636c3aa1105950,"Location:
      

      Seoul, South Korea","Date:
      
      November 28, 2015"
338,http://www.ufcstats.com/event-details/243b07fc65ccbb16,"Location:
      

      Monterrey, Nuevo Leon, Mexico","Date:
      
      November 21, 2015"
339,http://www.ufcstats.com/event-details/8d04923f2db59b7f,"Location:
      

      Melbourne, Victoria, Australia","Date:
      
      November 14, 2015"
340,http://www.ufcstats.com/event-details/5345f86680378fc1,"Location:
      

      Sao Paulo, Sao Paulo, Brazil","Date:
      
      November 07, 2015"
341,http://www.ufcstats.com/event-details/f3155a94ca420126,"Location:
      

      Dublin, Leinster, Ireland","Date:
      
      October 24, 2015"
342,http://www.ufcstats.com/event-details/119ebea97e914dcf,"Location:
      

      Houston, Texas, USA","Date:
      
      October 03, 2015"
343,http://www.ufcstats.com/event-details/a4dd5c9a75763295,"Location:
      

      Saitama, Japan","Date:
      
      September 26, 2015"
344,http://www.ufcstats.com/event-details/82f5c81f4e3c3eb5,"Location:
      

      Las Vegas, Nevada, USA","Date:
      
      September 05, 2015"
345,http://www.ufcstats.com/event-details/2ce6541127b0e232,"Location:
      

      Saskatoon, Saskatchewan, Canada","Date:
      
      August 23, 2015"
346,http://www.ufcstats.com/event-details/b71667c778b6d9e5,"Location:
      

      Nashville, Tennessee, USA","Date:
      
      August 08, 2015"
347,http://www.ufcstats.com/event-details/a9c45a8b21eabadc,"Location:
      

      Rio de Janeiro, Rio de Janeiro, Brazil","Date:
      
      August 01, 2015"
348,http://www.ufcstats.com/event-details/0c3838c8f7c620c2,"Location:
      

      Chicago, Illinois, USA","Date:
      
      July 25, 2015"
349,http://www.ufcstats.com/event-details/ef7fa30364cbe7f2,"Location:
      

      Glasgow, Scotland, United Kingdom","Date:
      
      July 18, 2015"
350,http://www.ufcstats.com/event-details/36877f0e62b25b96,"Location:
      

      San Diego, California, USA","Date:
      
      July 15, 2015"
351,http://www.ufcstats.com/event-details/a890f9a791ed615d,"Location:
      

      Las Vegas, Nevada, USA","Date:
      
      July 12, 2015"
352,http://www.ufcstats.com/event-details/3be081c29bf734d9,"Location:
      

      Las Vegas, Nevada, USA","Date:
      
      July 11, 2015"
353,http://www.ufcstats.com/event-details/86e388ed20761ad9,"Location:
      

      Hollywood, Florida, USA","Date:
      
      June 27, 2015"
354,http://www.ufcstats.com/event-details/194fc025f9355db6,"Location:
      

      Berlin, Berlin, Germany","Date:
      
      June 20, 2015"
355,http://www.ufcstats.com/event-details/a58114c6dd0add64,"Location:
      

      Mexico City, Distrito Federal, Mexico","Date:
      
      June 13, 2015"
356,http://www.ufcstats.com/event-details/06dc1a58663579d2,"Location:
      

      New Orleans, Louisiana, USA","Date:
      
      June 06, 2015"
357,http://www.ufcstats.com/event-details/aae0897825336b1a,"Location:
      

      Goiania, Goias, Brazil","Date:
      
      May 30, 2015"
358,http://www.ufcstats.com/event-details/4f7e290e71d60f87,"Location:
      

      Las Vegas, Nevada, USA","Date:
      
      May 23, 2015"
359,http://www.ufcstats.com/event-details/b1605ea39fba6af6,"Location:
      

      Manila, Philippines","Date:
      
      May 16, 2015"
360,http://www.ufcstats.com/event-details/8a1b4330c7957961,"Location:
      

      Adelaide, South Australia, Australia","Date:
      
      May 09, 2015"
361,http://www.ufcstats.com/event-details/997b4f52f76a0b53,"Location:
      

      Montreal, Quebec, Canada","Date:
      
      April 25, 2015"
362,http://www.ufcstats.com/event-details/bc7cf284c1c2f16e,"Location:
      

      Newark, New Jersey, USA","Date:
      
      April 18, 2015"
363,http://www.ufcstats.com/event-details/5de61b03868035ff,"Location:
      

      Krakow, Poland","Date:
      
      April 11, 2015"
364,http://www.ufcstats.com/event-details/16d09e800ad7ec79,"Location:
      

      Fairfax, Virginia, USA","Date:
      
      April 04, 2015"
365,http://www.ufcstats.com/event-details/fa534853eb195270,"Location:
      

      Rio de Janeiro, Brazil","Date:
      
      March 21, 2015"
366,http://www.ufcstats.com/event-details/f54200f1dfb9b5d4,"Location:
      

      Dallas, Texas, USA","Date:
      
      March 14, 2015"
367,http://www.ufcstats.com/event-details/ad4e9055bf8cd04d,"Location:
      

      Los Angeles, California, USA","Date:
      
      February 28, 2015"
368,http://www.ufcstats.com/event-details/0577808d22dfe79c,"Location:
      

      Porto Alegre, Rio Grande do Sul, Brazil","Date:
      
      February 22, 2015"
369,http://www.ufcstats.com/event-details/f9c7fe2682af3802,"Location:
      

      Broomfield, Colorado, USA","Date:
      
      February 14, 2015"
370,http://www.ufcstats.com/event-details/43563a32c3f10e95,"Location:
      

      Las Vegas, Nevada, USA","Date:
      
      January 31, 2015"
371,http://www.ufcstats.com/event-details/706404da0775dcbc,"Location:
      

      Stockholm, Sweden","Date:
      
      January 24, 2015"
372,http://www.ufcstats.com/event-details/f9aa6376ae16bfb4,"Location:
      

      Boston, Massachusetts, USA","Date:
      
      January 18, 2015"
373,http://www.ufcstats.com/event-details/a72d260b436924c4,"Location:
      

      Las Vegas, Nevada, USA","Date:
      
      January 03, 2015"
374,http://www.ufcstats.com/event-details/4e5bbc4566049cbf,"Location:
      

      Barueri, Sao Paulo, Brazil","Date:
      
      December 20, 2014"
375,http://www.ufcstats.com/event-details/d4a12dfa4067742f,"Location:
      

      Phoenix, Arizona, USA","Date:
      
      December 13, 2014"
376,http://www.ufcstats.com/event-details/222d6b547de2e035,"Location:
      

      Las Vegas, Nevada, USA","Date:
      
      December 12, 2014"
377,http://www.ufcstats.com/event-details/dfdd0c5dd0d4bc23,"Location:
      

      Las Vegas, Nevada, USA","Date:
      
      December 06, 2014"
378,http://www.ufcstats.com/event-details/155a02a8b4311057,"Location:
      

      Austin, Texas, USA","Date:
      
      November 22, 2014"
379,http://www.ufcstats.com/event-details/59851163aaf1aed8,"Location:
      

      Mexico City, Distrito Federal, Mexico","Date:
      
      November 15, 2014"
380,http://www.ufcstats.com/event-details/6ca68b636fbc1f18,"Location:
      

      Uberlandia, Minas Gerais, Brazil","Date:
      
      November 08, 2014"
381,http://www.ufcstats.com/event-details/371a1c91b24dec2b,"Location:
      

      Sydney, New South Wales, Australia","Date:
      
      November 07, 2014"
382,http://www.ufcstats.com/event-details/53f02bbc41d99432,"Location:
      

      Rio de Janeiro, Brazil","Date:
      
      October 25, 2014"
383,http://www.ufcstats.com/event-details/0313bf497de9c470,"Location:
      

      Halifax, Nova Scotia, Canada","Date:
      
      October 04, 2014"
384,http://www.ufcstats.com/event-details/8dc4f34c1f50d00d,"Location:
      

      Stockholm, Sweden","Date:
      
      October 04, 2014"
385,http://www.ufcstats.com/event-details/3bb030257966b022,"Location:
      

      Las Vegas, Nevada, USA","Date:
      
      September 27, 2014"
386,http://www.ufcstats.com/event-details/2dea80c069847321,"Location:
      

      Saitama, Japan","Date:
      
      September 20, 2014"
387,http://www.ufcstats.com/event-details/a71feb7ea7592a71,"Location:
      

      Brasilia, Distrito Federal, Brazil","Date:
      
      September 13, 2014"
388,http://www.ufcstats.com/event-details/9bcfb40dbcd50568,"Location:
      

      Ledyard, Connecticut, USA","Date:
      
      September 05, 2014"
389,http://www.ufcstats.com/event-details/269d103c96a4c3a5,"Location:
      

      Sacramento, California, USA","Date:
      
      August 30, 2014"
390,http://www.ufcstats.com/event-details/063649e21bc9d6d5,"Location:
      

      Tulsa, Oklahoma, USA","Date:
      
      August 23, 2014"
391,http://www.ufcstats.com/event-details/770b9d4813c25902,"Location:
      

      Macau, China","Date:
      
      August 23, 2014"
392,http://www.ufcstats.com/event-details/fd7acf42bd6e7e95,"Location:
      

      Bangor, Maine, USA","Date:
      
      August 16, 2014"
393,http://www.ufcstats.com/event-details/05fbfe628658c538,"Location:
      

      San Jose, California, USA","Date:
      
      July 26, 2014"
394,http://www.ufcstats.com/event-details/073eee4e62f0d988,"Location:
      

      Dublin, Leinster, Ireland","Date:
      
      July 19, 2014"
395,http://www.ufcstats.com/event-details/79ded75550efc139,"Location:
      

      Atlantic City, New Jersey, USA","Date:
      
      July 16, 2014"
396,http://www.ufcstats.com/event-details/1c5879330d42255f,"Location:
      

      Las Vegas, Nevada, USA","Date:
      
      July 06, 2014"
397,http://www.ufcstats.com/event-details/53adf5b845d91e4a,"Location:
      

      Las Vegas, Nevada, USA","Date:
      
      July 05, 2014"
398,http://www.ufcstats.com/event-details/c0ed7b208197e8de,"Location:
      

      San Antonio, Texas, USA","Date:
      
      June 28, 2014"
399,http://www.ufcstats.com/event-details/ac9521250dc1a14c,"Location:
      

      Auckland, New Zealand","Date:
      
      June 28, 2014"
400,http://www.ufcstats.com/event-details/5b5307450405abf0,"Location:
      

      Vancouver, British Columbia, Canada","Date:
      
      June 14, 2014"
401,http://www.ufcstats.com/event-details/1fcfc3709fe58151,"Location:
      

      Albuquerque, New Mexico, USA","Date:
      
      June 07, 2014"
402,http://www.ufcstats.com/event-details/59aaf2730b84698a,"Location:
      

      Sao Paulo, Brazil","Date:
      
      May 31, 2014"
403,http://www.ufcstats.com/event-details/b757c73f443d4fca,"Location:
      

      Berlin, Germany","Date:
      
      May 31, 2014"
404,http://www.ufcstats.com/event-details/9ca265dfe8323db3,"Location:
      

      Las Vegas, Nevada, USA","Date:
      
      May 24, 2014"
405,http://www.ufcstats.com/event-details/579fcdfcabd23a7b,"Location:
      

      Cincinnati, Ohio, USA","Date:
      
      May 10, 2014"
406,http://www.ufcstats.com/event-details/4f2fcbefb668689d,"Location:
      

      Baltimore, Maryland, USA","Date:
      
      April 26, 2014"
407,http://www.ufcstats.com/event-details/a421465acbe59c77,"Location:
      

      Orlando, Florida, USA","Date:
      
      April 19, 2014"
408,http://www.ufcstats.com/event-details/f9f07bb5a43535ed,"Location:
      

      Quebec City, Quebec, Canada","Date:
      
      April 16, 2014"
409,http://www.ufcstats.com/event-details/d632d156c0549e07,"Location:
      

      Abu Dhabi, United Arab Emirates","Date:
      
      April 11, 2014"
410,http://www.ufcstats.com/event-details/d5f820c11a121050,"Location:
      

      Natal, Rio Grande do Norte, Brazil","Date:
      
      March 23, 2014"
411,http://www.ufcstats.com/event-details/179f1948dc234f1f,"Location:
      

      Dallas, Texas, USA","Date:
      
      March 15, 2014"
412,http://www.ufcstats.com/event-details/ebc1f40e00e0c481,"Location:
      

      London, England, United Kingdom","Date:
      
      March 08, 2014"
413,http://www.ufcstats.com/event-details/a26198ba5093147e,"Location:
      

      Macau, China","Date:
      
      March 01, 2014"
414,http://www.ufcstats.com/event-details/3138fab619faf4d1,"Location:
      

      Las Vegas, Nevada, USA","Date:
      
      February 22, 2014"
415,http://www.ufcstats.com/event-details/51b0bb73a1da34bc,"Location:
      

      Jaragua do Sul, Santa Catarina, Brazil","Date:
      
      February 15, 2014"
416,http://www.ufcstats.com/event-details/fc31f896cde2bc2e,"Location:
      

      Newark, New Jersey, USA","Date:
      
      February 01, 2014"
417,http://www.ufcstats.com/event-details/a8d521d913df4e31,"Location:
      

      Chicago, Illinois, USA","Date:
      
      January 25, 2014"
418,http://www.ufcstats.com/event-details/30a09e43f15f1d75,"Location:
      

      Duluth, Georgia, USA","Date:
      
      January 15, 2014"
419,http://www.ufcstats.com/event-details/e5c9de15bb58b1c6,"Location:
      

      Singapore, Singapore","Date:
      
      January 04, 2014"
420,http://www.ufcstats.com/event-details/83d0de122f2f9664,"Location:
      

      Las Vegas, Nevada, USA","Date:
      
      December 28, 2013"
421,http://www.ufcstats.com/event-details/480b702debcb5433,"Location:
      

      Sacramento, California, USA","Date:
      
      December 14, 2013"
422,http://www.ufcstats.com/event-details/ee457ef1e1c326c1,"Location:
      

      Brisbane, Queensland, Australia","Date:
      
      December 06, 2013"
423,http://www.ufcstats.com/event-details/9a967e8e43dcef63,"Location:
      

      Las Vegas, Nevada, USA","Date:
      
      November 30, 2013"
424,http://www.ufcstats.com/event-details/28f3c2258a1d8874,"Location:
      

      Las Vegas, Nevada, USA","Date:
      
      November 16, 2013"
425,http://www.ufcstats.com/event-details/5d7c18191b8aa432,"Location:
      

      Goiania, Goias, Brazil","Date:
      
      November 09, 2013"
426,http://www.ufcstats.com/event-details/35dc6220b113b7ec,"Location:
      

      Fort Campbell, Kentucky, USA","Date:
      
      November 06, 2013"
427,http://www.ufcstats.com/event-details/60884f31ead1609c,"Location:
      

      Manchester, England, United Kingdom","Date:
      
      October 26, 2013"
428,http://www.ufcstats.com/event-details/eae4aec1a5a8ff01,"Location:
      

      Houston, Texas, USA","Date:
      
      October 19, 2013"
429,http://www.ufcstats.com/event-details/43612456979e5d5e,"Location:
      

      Barueri, Sao Paulo, Brazil","Date:
      
      October 09, 2013"
430,http://www.ufcstats.com/event-details/df5a77121ba84a5d,"Location:
      

      Toronto, Ontario, Canada","Date:
      
      September 21, 2013"
431,http://www.ufcstats.com/event-details/b23fca14c7b79935,"Location:
      

      Belo Horizonte, Minas Gerais, Brazil","Date:
      
      September 04, 2013"
432,http://www.ufcstats.com/event-details/980b4e712489098e,"Location:
      

      Milwaukee, Wisconsin, USA","Date:
      
      August 31, 2013"
433,http://www.ufcstats.com/event-details/e5c38954c006f15c,"Location:
      

      Indianapolis, Indiana, USA","Date:
      
      August 28, 2013"
434,http://www.ufcstats.com/event-details/cf1a88371c8cb690,"Location:
      

      Boston, Massachusetts, USA","Date:
      
      August 17, 2013"
435,http://www.ufcstats.com/event-details/ebc5af72ad5a28cb,"Location:
      

      Rio de Janeiro, Brazil","Date:
      
      August 03, 2013"
436,http://www.ufcstats.com/event-details/5330fe7e4c3af81c,"Location:
      

      Seattle, Washington, USA","Date:
      
      July 27, 2013"
437,http://www.ufcstats.com/event-details/e0b74df14f52cd15,"Location:
      

      Las Vegas, Nevada, USA","Date:
      
      July 06, 2013"
438,http://www.ufcstats.com/event-details/8fd1f27e86661ede,"Location:
      

      Winnipeg, Manitoba, Canada","Date:
      
      June 15, 2013"
439,http://www.ufcstats.com/event-details/7865707fd684d77b,"Location:
      

      Fortaleza, Ceara, Brazil","Date:
      
      June 08, 2013"
440,http://www.ufcstats.com/event-details/3c241737a6069b9f,"Location:
      

      Las Vegas, Nevada, USA","Date:
      
      May 25, 2013"
441,http://www.ufcstats.com/event-details/030f08370fd1c2bb,"Location:
      

      Jaragua do Sul, Santa Catarina, Brazil","Date:
      
      May 18, 2013"
442,http://www.ufcstats.com/event-details/ea0ad155451ed1f5,"Location:
      

      Newark, New Jersey, USA","Date:
      
      April 27, 2013"
443,http://www.ufcstats.com/event-details/aa79d5399571068e,"Location:
      

      San Jose, California, USA","Date:
      
      April 20, 2013"
444,http://www.ufcstats.com/event-details/ce47f49e5c386a9c,"Location:
      

      Las Vegas, Nevada, USA","Date:
      
      April 13, 2013"
445,http://www.ufcstats.com/event-details/6291ac0a3726732f,"Location:
      

      Stockholm, Sweden","Date:
      
      April 06, 2013"
446,http://www.ufcstats.com/event-details/f1b2a4365799c48b,"Location:
      

      Montreal, Quebec, Canada","Date:
      
      March 16, 2013"
447,http://www.ufcstats.com/event-details/83c6c3e0f8bde8ee,"Location:
      

      Saitama, Japan","Date:
      
      March 02, 2013"
448,http://www.ufcstats.com/event-details/09c44b317c98bf96,"Location:
      

      Anaheim, California, USA","Date:
      
      February 23, 2013"
449,http://www.ufcstats.com/event-details/4679a38cced7c64a,"Location:
      

      London, England, United Kingdom","Date:
      
      February 16, 2013"
450,http://www.ufcstats.com/event-details/601cf40c09090853,"Location:
      

      Las Vegas, Nevada, USA","Date:
      
      February 02, 2013"
451,http://www.ufcstats.com/event-details/738acab0c6934dd8,"Location:
      

      Chicago, Illinois, USA","Date:
      
      January 26, 2013"
452,http://www.ufcstats.com/event-details/56f4b81ec4db61af,"Location:
      

      Sao Paulo, Brazil","Date:
      
      January 19, 2013"
453,http://www.ufcstats.com/event-details/c6e6926a81adcd00,"Location:
      

      Las Vegas, Nevada, USA","Date:
      
      December 29, 2012"
454,http://www.ufcstats.com/event-details/c6da1c24fe473418,"Location:
      

      Las Vegas, Nevada, USA","Date:
      
      December 15, 2012"
455,http://www.ufcstats.com/event-details/e8c170a64dc920ac,"Location:
      

      Gold Coast, Queensland, Australia","Date:
      
      December 14, 2012"
456,http://www.ufcstats.com/event-details/d1e6a6536ee62517,"Location:
      

      Seattle, Washington, USA","Date:
      
      December 08, 2012"
457,http://www.ufcstats.com/event-details/d41937647eae9a34,"Location:
      

      Montreal, Quebec, Canada","Date:
      
      November 17, 2012"
458,http://www.ufcstats.com/event-details/319fa1bd3176bded,"Location:
      

      Macau, China","Date:
      
      November 10, 2012"
459,http://www.ufcstats.com/event-details/96d173b7f92aa520,"Location:
      

      Rio de Janeiro, Brazil","Date:
      
      October 13, 2012"
460,http://www.ufcstats.com/event-details/6a0b80a24f22e152,"Location:
      

      Minneapolis, Minnesota, USA","Date:
      
      October 05, 2012"
461,http://www.ufcstats.com/event-details/6cbb7661c3258617,"Location:
      

      Nottingham, England, United Kingdom","Date:
      
      September 29, 2012"
462,http://www.ufcstats.com/event-details/53e533db1b8e9712,"Location:
      

      Toronto, Ontario, Canada","Date:
      
      September 22, 2012"
463,http://www.ufcstats.com/event-details/3c48019bc387b80c,"Location:
      

      Denver, Colorado, USA","Date:
      
      August 11, 2012"
464,http://www.ufcstats.com/event-details/f62850b3c7480db9,"Location:
      

      Los Angeles, California, USA","Date:
      
      August 04, 2012"
465,http://www.ufcstats.com/event-details/abbc4fc02e0d84b3,"Location:
      

      Calgary, Alberta, Canada","Date:
      
      July 21, 2012"
466,http://www.ufcstats.com/event-details/d3b5ad3b15a64a18,"Location:
      

      San Jose, California, USA","Date:
      
      July 11, 2012"
467,http://www.ufcstats.com/event-details/e8efeb9cf33b1941,"Location:
      

      Las Vegas, Nevada, USA","Date:
      
      July 07, 2012"
468,http://www.ufcstats.com/event-details/3da19339ee7051d5,"Location:
      

      Belo Horizonte, Minas Gerais, Brazil","Date:
      
      June 23, 2012"
469,http://www.ufcstats.com/event-details/505934897b8b4824,"Location:
      

      Atlantic City, New Jersey, USA","Date:
      
      June 22, 2012"
470,http://www.ufcstats.com/event-details/49590e0508b2c19f,"Location:
      

      Sunrise, Florida, USA","Date:
      
      June 08, 2012"
471,http://www.ufcstats.com/event-details/96087e90d900f0ef,"Location:
      

      Las Vegas, Nevada, USA","Date:
      
      June 01, 2012"
472,http://www.ufcstats.com/event-details/4985113c0928aa62,"Location:
      

      Las Vegas, Nevada, USA","Date:
      
      May 26, 2012"
473,http://www.ufcstats.com/event-details/8caca5857ce0e30b,"Location:
      

      Fairfax, Virginia, USA","Date:
      
      May 15, 2012"
474,http://www.ufcstats.com/event-details/5898357a45a73674,"Location:
      

      East Rutherford, New Jersey, USA","Date:
      
      May 05, 2012"
475,http://www.ufcstats.com/event-details/155bfc7ed36622df,"Location:
      

      Atlanta, Georgia, USA","Date:
      
      April 21, 2012"
476,http://www.ufcstats.com/event-details/21f2974fd08085e3,"Location:
      

      Stockholm, Sweden","Date:
      
      April 14, 2012"
477,http://www.ufcstats.com/event-details/b5ea750025697880,"Location:
      

      Sydney, New South Wales, Australia","Date:
      
      March 02, 2012"
478,http://www.ufcstats.com/event-details/8377c5572cb356f3,"Location:
      

      Saitama, Japan","Date:
      
      February 25, 2012"
479,http://www.ufcstats.com/event-details/0a97691039c4bbfb,"Location:
      

      Omaha, Nebraska, USA","Date:
      
      February 15, 2012"
480,http://www.ufcstats.com/event-details/df2cf66d8c0123db,"Location:
      

      Las Vegas, Nevada, USA","Date:
      
      February 04, 2012"
481,http://www.ufcstats.com/event-details/c3c23c99477c041b,"Location:
      

      Chicago, Illinois, USA","Date:
      
      January 28, 2012"
482,http://www.ufcstats.com/event-details/4d74641fac830182,"Location:
      

      Nashville, Tennessee, USA","Date:
      
      January 20, 2012"
483,http://www.ufcstats.com/event-details/18524b46c570730b,"Location:
      

      Rio de Janeiro, Brazil","Date:
      
      January 14, 2012"
484,http://www.ufcstats.com/event-details/91720876db0ee468,"Location:
      

      Las Vegas, Nevada, USA","Date:
      
      December 30, 2011"
485,http://www.ufcstats.com/event-details/6d7886b094b471ac,"Location:
      

      Toronto, Ontario, Canada","Date:
      
      December 10, 2011"
486,http://www.ufcstats.com/event-details/1f5f75658551f2d3,"Location:
      

      Las Vegas, Nevada, USA","Date:
      
      December 03, 2011"
487,http://www.ufcstats.com/event-details/0ec821423baa26bd,"Location:
      

      San Jose, California, USA","Date:
      
      November 19, 2011"
488,http://www.ufcstats.com/event-details/1c061eb6e29eaa0a,"Location:
      

      Anaheim, California, USA","Date:
      
      November 12, 2011"
489,http://www.ufcstats.com/event-details/e780ccc79a209985,"Location:
      

      Birmingham, England, United Kingdom","Date:
      
      November 05, 2011"
490,http://www.ufcstats.com/event-details/8788beb528894f33,"Location:
      

      Las Vegas, Nevada, USA","Date:
      
      October 29, 2011"
491,http://www.ufcstats.com/event-details/7d5b12de1625984e,"Location:
      

      Houston, Texas, USA","Date:
      
      October 08, 2011"
492,http://www.ufcstats.com/event-details/44f9c777fed7ca03,"Location:
      

      Washington, DC, USA","Date:
      
      October 01, 2011"
493,http://www.ufcstats.com/event-details/73ef22f25d0f70e2,"Location:
      

      Denver, Colorado, USA","Date:
      
      September 24, 2011"
494,http://www.ufcstats.com/event-details/1ffc38f67785797b,"Location:
      

      New Orleans, Louisiana, USA","Date:
      
      September 17, 2011"
495,http://www.ufcstats.com/event-details/18968f97ad34f15c,"Location:
      

      Rio de Janeiro, Brazil","Date:
      
      August 27, 2011"
496,http://www.ufcstats.com/event-details/4c8d6fde2dde07c4,"Location:
      

      Milwaukee, Wisconsin, USA","Date:
      
      August 14, 2011"
497,http://www.ufcstats.com/event-details/f1f9e48a0d150757,"Location:
      

      Philadelphia, Pennsylvania, USA","Date:
      
      August 06, 2011"
498,http://www.ufcstats.com/event-details/83fd97284f4bb4a4,"Location:
      

      Las Vegas, Nevada, USA","Date:
      
      July 02, 2011"
499,http://www.ufcstats.com/event-details/d023ae89a2a4a41e,"Location:
      

      Pittsburgh, Pennsylvania, USA","Date:
      
      June 26, 2011"
500,http://www.ufcstats.com/event-details/aac5ac38148f0528,"Location:
      

      Vancouver, British Columbia, Canada","Date:
      
      June 11, 2011"
501,http://www.ufcstats.com/event-details/3ba3b5cc94498437,"Location:
      

      Las Vegas, Nevada, USA","Date:
      
      June 04, 2011"
502,http://www.ufcstats.com/event-details/b732b326c362fb62,"Location:
      

      Las Vegas, Nevada, USA","Date:
      
      May 28, 2011"
503,http://www.ufcstats.com/event-details/2db7fa8db6bc9632,"Location:
      

      Toronto, Ontario, Canada","Date:
      
      April 30, 2011"
504,http://www.ufcstats.com/event-details/8a59d346dc976a10,"Location:
      

      Seattle, Washington, USA","Date:
      
      March 26, 2011"
505,http://www.ufcstats.com/event-details/1411c630ba711b64,"Location:
      

      Newark, New Jersey, USA","Date:
      
      March 19, 2011"
506,http://www.ufcstats.com/event-details/a54fc2d6fc224dc3,"Location:
      

      Louisville, Kentucky, USA","Date:
      
      March 03, 2011"
507,http://www.ufcstats.com/event-details/88a9bc81271ccd89,"Location:
      

      Sydney, New South Wales, Australia","Date:
      
      February 26, 2011"
508,http://www.ufcstats.com/event-details/65ddc8a9ac4e8531,"Location:
      

      Las Vegas, Nevada, USA","Date:
      
      February 05, 2011"
509,http://www.ufcstats.com/event-details/282fa667ff9c51ed,"Location:
      

      Killeen, Texas, USA","Date:
      
      January 22, 2011"
510,http://www.ufcstats.com/event-details/d1152823307d7e7c,"Location:
      

      Las Vegas, Nevada, USA","Date:
      
      January 01, 2011"
511,http://www.ufcstats.com/event-details/132f860d02953f4c,"Location:
      

      Montreal, Quebec, Canada","Date:
      
      December 11, 2010"
512,http://www.ufcstats.com/event-details/5d7bdab5e03e3216,"Location:
      

      Las Vegas, Nevada, USA","Date:
      
      December 04, 2010"
513,http://www.ufcstats.com/event-details/dd992d569aaebee6,"Location:
      

      Auburn Hills, Michigan, USA","Date:
      
      November 20, 2010"
514,http://www.ufcstats.com/event-details/0ff11cc094e887bc,"Location:
      

      Oberhausen, North Rhine-Westphalia, Germany","Date:
      
      November 13, 2010"
515,http://www.ufcstats.com/event-details/afdb76fbd86f6d11,"Location:
      

      Anaheim, California, USA","Date:
      
      October 23, 2010"
516,http://www.ufcstats.com/event-details/d512d9f204059f57,"Location:
      

      London, England, United Kingdom","Date:
      
      October 16, 2010"
517,http://www.ufcstats.com/event-details/ad32471f01e7b1a5,"Location:
      

      Indianapolis, Indiana, USA","Date:
      
      September 25, 2010"
518,http://www.ufcstats.com/event-details/acff437707625fc7,"Location:
      

      Austin, Texas, USA","Date:
      
      September 15, 2010"
519,http://www.ufcstats.com/event-details/054defd5420a551f,"Location:
      

      Boston, Massachusetts, USA","Date:
      
      August 28, 2010"
520,http://www.ufcstats.com/event-details/2f3f12002564bb55,"Location:
      

      Oakland, California, USA","Date:
      
      August 07, 2010"
521,http://www.ufcstats.com/event-details/f12f979b657ab876,"Location:
      

      San Diego, California, USA","Date:
      
      August 01, 2010"
522,http://www.ufcstats.com/event-details/140745cbbcb023ac,"Location:
      

      Las Vegas, Nevada, USA","Date:
      
      July 03, 2010"
523,http://www.ufcstats.com/event-details/9bcf8603ceb25680,"Location:
      

      Las Vegas, Nevada, USA","Date:
      
      June 19, 2010"
524,http://www.ufcstats.com/event-details/cfb65863d5099327,"Location:
      

      Vancouver, British Columbia, Canada","Date:
      
      June 12, 2010"
525,http://www.ufcstats.com/event-details/bfc2fc38a0e20211,"Location:
      

      Las Vegas, Nevada, USA","Date:
      
      May 29, 2010"
526,http://www.ufcstats.com/event-details/d0c29452d3272603,"Location:
      

      Montreal, Quebec, Canada","Date:
      
      May 08, 2010"
527,http://www.ufcstats.com/event-details/24b033b3daf1c9df,"Location:
      

      Abu Dhabi, United Arab Emirates","Date:
      
      April 10, 2010"
528,http://www.ufcstats.com/event-details/3ed134d85dfbd7b4,"Location:
      

      Charlotte, North Carolina, USA","Date:
      
      March 31, 2010"
529,http://www.ufcstats.com/event-details/c80095f6092271a7,"Location:
      

      Newark, New Jersey, USA","Date:
      
      March 27, 2010"
530,http://www.ufcstats.com/event-details/3795fca327cbcf23,"Location:
      

      Broomfield, Colorado, USA","Date:
      
      March 21, 2010"
531,http://www.ufcstats.com/event-details/49efbdc6c9f650c4,"Location:
      

      Sydney, New South Wales, Australia","Date:
      
      February 20, 2010"
532,http://www.ufcstats.com/event-details/15edcf67ccf5be84,"Location:
      

      Las Vegas, Nevada, USA","Date:
      
      February 06, 2010"
533,http://www.ufcstats.com/event-details/58bc81376286b3d3,"Location:
      

      Fairfax, Virginia, USA","Date:
      
      January 11, 2010"
534,http://www.ufcstats.com/event-details/a6d8bfe9e0c8153b,"Location:
      

      Las Vegas, Nevada, USA","Date:
      
      January 02, 2010"
535,http://www.ufcstats.com/event-details/821cd80aab70d5f9,"Location:
      

      Memphis, Tennessee, USA","Date:
      
      December 12, 2009"
536,http://www.ufcstats.com/event-details/91d73ee59347ac16,"Location:
      

      Las Vegas, Nevada, USA","Date:
      
      December 05, 2009"
537,http://www.ufcstats.com/event-details/84a067c46306a737,"Location:
      

      Las Vegas, Nevada, USA","Date:
      
      November 21, 2009"
538,http://www.ufcstats.com/event-details/fa8b9e6b0c2269f8,"Location:
      

      Manchester, England, United Kingdom","Date:
      
      November 14, 2009"
539,http://www.ufcstats.com/event-details/7c0847d3854a95f2,"Location:
      

      Los Angeles, California, USA","Date:
      
      October 24, 2009"
540,http://www.ufcstats.com/event-details/896c322f56b8be5a,"Location:
      

      Dallas, Texas, USA","Date:
      
      September 19, 2009"
541,http://www.ufcstats.com/event-details/a8ea84cbe1655f0a,"Location:
      

      Oklahoma City, Oklahoma, USA","Date:
      
      September 16, 2009"
542,http://www.ufcstats.com/event-details/c6a33ff198aaaeeb,"Location:
      

      Portland, Oregon, USA","Date:
      
      August 29, 2009"
543,http://www.ufcstats.com/event-details/48d1f690b763934c,"Location:
      

      Philadelphia, Pennsylvania, USA","Date:
      
      August 08, 2009"
544,http://www.ufcstats.com/event-details/0ee783aa00e468f0,"Location:
      

      Las Vegas, Nevada, USA","Date:
      
      July 11, 2009"
545,http://www.ufcstats.com/event-details/4908c5ee68a50ee5,"Location:
      

      Las Vegas, Nevada, USA","Date:
      
      June 20, 2009"
546,http://www.ufcstats.com/event-details/cb6783c39c01d896,"Location:
      

      Cologne, North Rhine-Westphalia, Germany","Date:
      
      June 13, 2009"
547,http://www.ufcstats.com/event-details/c4b6099f0d25f75e,"Location:
      

      Las Vegas, Nevada, USA","Date:
      
      May 23, 2009"
548,http://www.ufcstats.com/event-details/1652f3213655b935,"Location:
      

      Montreal, Quebec, Canada","Date:
      
      April 18, 2009"
549,http://www.ufcstats.com/event-details/04d5718ed2661e8c,"Location:
      

      Nashville, Tennessee, USA","Date:
      
      April 01, 2009"
550,http://www.ufcstats.com/event-details/29b5791e51e7e832,"Location:
      

      Columbus, Ohio, USA","Date:
      
      March 07, 2009"
551,http://www.ufcstats.com/event-details/7d21de9c6d7c98b2,"Location:
      

      London, England, United Kingdom","Date:
      
      February 21, 2009"
552,http://www.ufcstats.com/event-details/d1759b2b7be9be56,"Location:
      

      Tampa, Florida, USA","Date:
      
      February 07, 2009"
553,http://www.ufcstats.com/event-details/2a542ee8a8b83559,"Location:
      

      Las Vegas, Nevada, USA","Date:
      
      January 31, 2009"
554,http://www.ufcstats.com/event-details/68c6cd5287b473a7,"Location:
      

      Dublin, Leinster, Ireland","Date:
      
      January 17, 2009"
555,http://www.ufcstats.com/event-details/23ab42947c1990e3,"Location:
      

      Las Vegas, Nevada, USA","Date:
      
      December 27, 2008"
556,http://www.ufcstats.com/event-details/ea398c802d9998ee,"Location:
      

      Las Vegas, Nevada, USA","Date:
      
      December 13, 2008"
557,http://www.ufcstats.com/event-details/30cd319d39ee689b,"Location:
      

      Fayetteville, North Carolina, USA","Date:
      
      December 10, 2008"
558,http://www.ufcstats.com/event-details/a2b06ca02bca14c0,"Location:
      

      Las Vegas, Nevada, USA","Date:
      
      November 15, 2008"
559,http://www.ufcstats.com/event-details/c670aa48827d6be6,"Location:
      

      Rosemont, Illinois, USA","Date:
      
      October 25, 2008"
560,http://www.ufcstats.com/event-details/312f47c3d2f83ffa,"Location:
      

      Birmingham, England, United Kingdom","Date:
      
      October 18, 2008"
561,http://www.ufcstats.com/event-details/279093302a6f44b3,"Location:
      

      Omaha, Nebraska, USA","Date:
      
      September 17, 2008"
562,http://www.ufcstats.com/event-details/0db70ca89e1c7374,"Location:
      

      Atlanta, Georgia, USA","Date:
      
      September 06, 2008"
563,http://www.ufcstats.com/event-details/19ffeb5e3fffd6d5,"Location:
      

      Minneapolis, Minnesota, USA","Date:
      
      August 09, 2008"
564,http://www.ufcstats.com/event-details/46f11d15c0134fe3,"Location:
      

      Las Vegas, Nevada, USA","Date:
      
      July 19, 2008"
565,http://www.ufcstats.com/event-details/bf12aca029bfcc47,"Location:
      

      Las Vegas, Nevada, USA","Date:
      
      July 05, 2008"
566,http://www.ufcstats.com/event-details/2299605af59fd309,"Location:
      

      Las Vegas, Nevada, USA","Date:
      
      June 21, 2008"
567,http://www.ufcstats.com/event-details/2efbc83a6b9b7f86,"Location:
      

      London, England, United Kingdom","Date:
      
      June 07, 2008"
568,http://www.ufcstats.com/event-details/2549d63da9c456cb,"Location:
      

      Las Vegas, Nevada, USA","Date:
      
      May 24, 2008"
569,http://www.ufcstats.com/event-details/ad047e3073a775f3,"Location:
      

      Montreal, Quebec, Canada","Date:
      
      April 19, 2008"
570,http://www.ufcstats.com/event-details/b9e871af730f826c,"Location:
      

      Broomfield, Colorado, USA","Date:
      
      April 02, 2008"
571,http://www.ufcstats.com/event-details/598a58db87b890ee,"Location:
      

      Columbus, Ohio, USA","Date:
      
      March 01, 2008"
572,http://www.ufcstats.com/event-details/597db668b01c442c,"Location:
      

      Las Vegas, Nevada, USA","Date:
      
      February 02, 2008"
573,http://www.ufcstats.com/event-details/33e33d51f289d2a1,"Location:
      

      Las Vegas, Nevada, USA","Date:
      
      January 23, 2008"
574,http://www.ufcstats.com/event-details/a24e080000fa7a35,"Location:
      

      Newcastle, England, United Kingdom","Date:
      
      January 19, 2008"
575,http://www.ufcstats.com/event-details/7269329bd87eb479,"Location:
      

      Las Vegas, Nevada, USA","Date:
      
      December 29, 2007"
576,http://www.ufcstats.com/event-details/df85d6ec3493d120,"Location:
      

      Las Vegas, Nevada, USA","Date:
      
      December 08, 2007"
577,http://www.ufcstats.com/event-details/1d147d4163a6989b,"Location:
      

      Newark, New Jersey, USA","Date:
      
      November 17, 2007"
578,http://www.ufcstats.com/event-details/91181b29be041f1c,"Location:
      

      Cincinnati, Ohio, USA","Date:
      
      October 20, 2007"
579,http://www.ufcstats.com/event-details/bad28b7b34f334de,"Location:
      

      Anaheim, California, USA","Date:
      
      September 22, 2007"
580,http://www.ufcstats.com/event-details/f341f9551ba744e2,"Location:
      

      Las Vegas, Nevada, USA","Date:
      
      September 19, 2007"
581,http://www.ufcstats.com/event-details/0aa92558424ced9e,"Location:
      

      London, England, United Kingdom","Date:
      
      September 08, 2007"
582,http://www.ufcstats.com/event-details/a5c53b3ddb31cc7d,"Location:
      

      Las Vegas, Nevada, USA","Date:
      
      August 25, 2007"
583,http://www.ufcstats.com/event-details/2a6f8136da1e52c0,"Location:
      

      Sacramento, California, USA","Date:
      
      July 07, 2007"
584,http://www.ufcstats.com/event-details/e7ec11096eac0282,"Location:
      

      Las Vegas, Nevada, USA","Date:
      
      June 23, 2007"
585,http://www.ufcstats.com/event-details/5ca158b1cc9cb242,"Location:
      

      Belfast, Northern Ireland, United Kingdom","Date:
      
      June 16, 2007"
586,http://www.ufcstats.com/event-details/304fcd812f12c589,"Location:
      

      Hollywood, Florida, USA","Date:
      
      June 12, 2007"
587,http://www.ufcstats.com/event-details/2e04a3b4a2011b97,"Location:
      

      Las Vegas, Nevada, USA","Date:
      
      May 26, 2007"
588,http://www.ufcstats.com/event-details/4604ab1de9058474,"Location:
      

      Manchester, England, United Kingdom","Date:
      
      April 21, 2007"
589,http://www.ufcstats.com/event-details/c1684f00c626f4c0,"Location:
      

      Houston, Texas, USA","Date:
      
      April 07, 2007"
590,http://www.ufcstats.com/event-details/a6c2f5381d575920,"Location:
      

      Las Vegas, Nevada, USA","Date:
      
      April 05, 2007"
591,http://www.ufcstats.com/event-details/de3ed2e152520c8d,"Location:
      

      Columbus, Ohio, USA","Date:
      
      March 03, 2007"
592,http://www.ufcstats.com/event-details/63b65af1c5cb02cb,"Location:
      

      Las Vegas, Nevada, USA","Date:
      
      February 03, 2007"
593,http://www.ufcstats.com/event-details/13c4313ed0f744f3,"Location:
      

      Hollywood, Florida, USA","Date:
      
      January 25, 2007"
594,http://www.ufcstats.com/event-details/ee5df903f80c6816,"Location:
      

      Las Vegas, Nevada, USA","Date:
      
      December 30, 2006"
595,http://www.ufcstats.com/event-details/21b8a0f5c231096f,"Location:
      

      San Diego, California, USA","Date:
      
      December 13, 2006"
596,http://www.ufcstats.com/event-details/3fed746acfd026dd,"Location:
      

      Sacramento, California, USA","Date:
      
      November 18, 2006"
597,http://www.ufcstats.com/event-details/baf942f4bcb09894,"Location:
      

      Las Vegas, Nevada, USA","Date:
      
      November 11, 2006"
598,http://www.ufcstats.com/event-details/13b2f59210dda9cc,"Location:
      

      Las Vegas, Nevada, USA","Date:
      
      October 14, 2006"
599,http://www.ufcstats.com/event-details/577ec7e108b94be3,"Location:
      

      Hollywood, Florida, USA","Date:
      
      October 10, 2006"
600,http://www.ufcstats.com/event-details/13e62d766b709aa6,"Location:
      

      Anaheim, California, USA","Date:
      
      September 23, 2006"
601,http://www.ufcstats.com/event-details/f717b6002486f73f,"Location:
      

      Las Vegas, Nevada, USA","Date:
      
      August 26, 2006"
602,http://www.ufcstats.com/event-details/46c8ec317aff28ac,"Location:
      

      Las Vegas, Nevada, USA","Date:
      
      August 17, 2006"
603,http://www.ufcstats.com/event-details/f70144caea5c4c80,"Location:
      

      Las Vegas, Nevada, USA","Date:
      
      July 08, 2006"
604,http://www.ufcstats.com/event-details/445a98acb8985970,"Location:
      

      Las Vegas, Nevada, USA","Date:
      
      June 28, 2006"
605,http://www.ufcstats.com/event-details/1dab0d1d81dd06db,"Location:
      

      Las Vegas, Nevada, USA","Date:
      
      June 24, 2006"
606,http://www.ufcstats.com/event-details/a54a35a670d8e852,"Location:
      

      Los Angeles, California, USA","Date:
      
      May 27, 2006"
607,http://www.ufcstats.com/event-details/03688dc3c3af3ac1,"Location:
      

      Anaheim, California, USA","Date:
      
      April 15, 2006"
608,http://www.ufcstats.com/event-details/b361180739bed4b0,"Location:
      

      Las Vegas, Nevada, USA","Date:
      
      April 06, 2006"
609,http://www.ufcstats.com/event-details/0e9869d712e81f8f,"Location:
      

      Las Vegas, Nevada, USA","Date:
      
      March 04, 2006"
610,http://www.ufcstats.com/event-details/977081bc01197656,"Location:
      

      Las Vegas, Nevada, USA","Date:
      
      February 04, 2006"
611,http://www.ufcstats.com/event-details/2ee09ec2a0695eb9,"Location:
      

      Las Vegas, Nevada, USA","Date:
      
      January 16, 2006"
612,http://www.ufcstats.com/event-details/c7e9d15cfce52f1d,"Location:
      

      Las Vegas, Nevada, USA","Date:
      
      November 19, 2005"
613,http://www.ufcstats.com/event-details/31ceaf0e670c1578,"Location:
      

      Las Vegas, Nevada, USA","Date:
      
      November 05, 2005"
614,http://www.ufcstats.com/event-details/271fe91f4ba9d2c5,"Location:
      

      Uncasville, Connecticut, USA","Date:
      
      October 07, 2005"
615,http://www.ufcstats.com/event-details/efaf544314bb5c2e,"Location:
      

      Las Vegas, Nevada, USA","Date:
      
      October 03, 2005"
616,http://www.ufcstats.com/event-details/669a3cb6e394f515,"Location:
      

      Las Vegas, Nevada, USA","Date:
      
      August 20, 2005"
617,http://www.ufcstats.com/event-details/3f24c96753dbd9f9,"Location:
      

      Las Vegas, Nevada, USA","Date:
      
      August 06, 2005"
618,http://www.ufcstats.com/event-details/d3711d3784b76255,"Location:
      

      Atlantic City, New Jersey, USA","Date:
      
      June 04, 2005"
619,http://www.ufcstats.com/event-details/c933d423ebdbbbdb,"Location:
      

      Las Vegas, Nevada, USA","Date:
      
      April 16, 2005"
620,http://www.ufcstats.com/event-details/fbbde91f7bc2d3c5,"Location:
      

      Las Vegas, Nevada, USA","Date:
      
      April 09, 2005"
621,http://www.ufcstats.com/event-details/85d905f7c4f5a1af,"Location:
      

      Las Vegas, Nevada, USA","Date:
      
      February 05, 2005"
622,http://www.ufcstats.com/event-details/ce783bf73b5131f9,"Location:
      

      Atlantic City, New Jersey, USA","Date:
      
      October 22, 2004"
623,http://www.ufcstats.com/event-details/b4bc2e3353a770b5,"Location:
      

      Las Vegas, Nevada, USA","Date:
      
      August 21, 2004"
624,http://www.ufcstats.com/event-details/429e7d3725852ce9,"Location:
      

      Las Vegas, Nevada, USA","Date:
      
      June 19, 2004"
625,http://www.ufcstats.com/event-details/e8fb8e53bc2e29d6,"Location:
      

      Las Vegas, Nevada, USA","Date:
      
      April 02, 2004"
626,http://www.ufcstats.com/event-details/94609dd91731d428,"Location:
      

      Las Vegas, Nevada, USA","Date:
      
      January 31, 2004"
627,http://www.ufcstats.com/event-details/e670f8cc2969a789,"Location:
      

      Uncasville, Connecticut, USA","Date:
      
      November 21, 2003"
628,http://www.ufcstats.com/event-details/c61f66d8c3fd5f07,"Location:
      

      Las Vegas, Nevada, USA","Date:
      
      September 26, 2003"
629,http://www.ufcstats.com/event-details/108afe61a26bcbf4,"Location:
      

      Las Vegas, Nevada, USA","Date:
      
      June 06, 2003"
630,http://www.ufcstats.com/event-details/ae58685caf8e4a0d,"Location:
      

      Miami, Florida, USA","Date:
      
      April 25, 2003"
631,http://www.ufcstats.com/event-details/bba678d312590087,"Location:
      

      Atlantic City, New Jersey, USA","Date:
      
      February 28, 2003"
632,http://www.ufcstats.com/event-details/e06fd1260ac865a7,"Location:
      

      Las Vegas, Nevada, USA","Date:
      
      November 22, 2002"
633,http://www.ufcstats.com/event-details/0cf935519d439ba6,"Location:
      

      Uncasville, Connecticut, USA","Date:
      
      September 27, 2002"
634,http://www.ufcstats.com/event-details/1dc56b59cb28425d,"Location:
      

      London, England, United Kingdom","Date:
      
      July 13, 2002"
635,http://www.ufcstats.com/event-details/9ccdd2ce45903f34,"Location:
      

      Las Vegas, Nevada, USA","Date:
      
      June 22, 2002"
636,http://www.ufcstats.com/event-details/9fd1f08dd4aec14a,"Location:
      

      Bossier City, Louisiana, USA","Date:
      
      May 10, 2002"
637,http://www.ufcstats.com/event-details/02fc8f50f56eb307,"Location:
      

      Las Vegas, Nevada, USA","Date:
      
      March 22, 2002"
638,http://www.ufcstats.com/event-details/946f341df6472ee0,"Location:
      

      Uncasville, Connecticut, USA","Date:
      
      January 11, 2002"
639,http://www.ufcstats.com/event-details/4dc496aa0cfc0d95,"Location:
      

      Las Vegas, Nevada, USA","Date:
      
      November 02, 2001"
640,http://www.ufcstats.com/event-details/c75b99887c8c3f5a,"Location:
      

      Las Vegas, Nevada, USA","Date:
      
      September 28, 2001"
641,http://www.ufcstats.com/event-details/7b9aa973e5c04624,"Location:
      

      East Rutherford, New Jersey, USA","Date:
      
      June 29, 2001"
642,http://www.ufcstats.com/event-details/20bd6c3e03c46ee6,"Location:
      

      Atlantic City, New Jersey, USA","Date:
      
      May 04, 2001"
643,http://www.ufcstats.com/event-details/2b1587a3376ab743,"Location:
      

      Atlantic City, New Jersey, USA","Date:
      
      February 23, 2001"
644,http://www.ufcstats.com/event-details/08ae5cd9aef7ddd3,"Location:
      

      Tokyo, Japan","Date:
      
      December 16, 2000"
645,http://www.ufcstats.com/event-details/da6dfd09cca1d705,"Location:
      

      Atlantic City, New Jersey, USA","Date:
      
      November 17, 2000"
646,http://www.ufcstats.com/event-details/31652c9267606d54,"Location:
      

      New Orleans, Louisiana, USA","Date:
      
      September 22, 2000"
647,http://www.ufcstats.com/event-details/cedfdf8d423d500c,"Location:
      

      Cedar Rapids, Iowa, USA","Date:
      
      June 09, 2000"
648,http://www.ufcstats.com/event-details/d2b1c1317a39f6c6,"Location:
      

      Tokyo, Japan","Date:
      
      April 14, 2000"
